Week,Site,Device,Spend,Impressions,Clicks,Sales,Partner Type,Audience,Channel
2023-01-01,Amazon,Not Specified,0.8200000000000001,2963956.0,5472,8234625.1,FEP,Not Specified,Display
2023-01-01,CBS,Not Specified,0.12,820075.0,136,8234625.1,FEP,Not Specified,Display
2023-01-01,Facebook/Instagram,android_smartphone,2806.7999999999997,2160428.0,877,8234625.1,Not Specified,Demo-Only,Social
2023-01-01,Facebook/Instagram,android_tablet,28.46,21669.0,9,8234625.1,Not Specified,Demo-Only,Social
2023-01-01,Facebook/Instagram,desktop,39.54,31465.0,13,8234625.1,Not Specified,Demo-Only,Social
2023-01-01,Facebook/Instagram,ipad,113.67,85626.0,45,8234625.1,Not Specified,Demo-Only,Social
2023-01-01,Facebook/Instagram,iphone,13522.37,10060312.0,6529,8234625.1,Not Specified,Demo-Only,Social
2023-01-01,Facebook/Instagram,ipod,2.73,1794.0,0,8234625.1,Not Specified,Demo-Only,Social
2023-01-01,Facebook/Instagram,other,7.07,5237.0,2,8234625.1,Not Specified,Demo-Only,Social
2023-01-01,NBC Sports,Not Specified,0.07,371.0,0,8234625.1,FEP,Not Specified,Display
2023-01-01,Roku,Not Specified,0.24,394512.0,110,8234625.1,FEP,Not Specified,Display
2023-01-01,The Trade Desk,Not Specified,0.06,18150.0,18,8234625.1,Programmatic,Not Specified,Display
2023-01-01,Tubi Inc,Not Specified,0.36,265697.0,72,8234625.1,FEP,Not Specified,Display
2023-01-01,YouTube,Not Specified,0.84,1163022.0,588,8234625.1,Programmatic,Not Specified,Display
2023-01-08,Facebook/Instagram,android_smartphone,5063.61,3518696.0,1722,10155457.8,Not Specified,Demo-Only,Social
2023-01-08,Facebook/Instagram,android_tablet,52.93,35837.0,26,10155457.8,Not Specified,Demo-Only,Social
2023-01-08,Facebook/Instagram,desktop,82.35,59358.0,28,10155457.8,Not Specified,Demo-Only,Social
2023-01-08,Facebook/Instagram,ipad,201.35,138203.0,93,10155457.8,Not Specified,Demo-Only,Social
2023-01-08,Facebook/Instagram,iphone,20572.41,13640042.0,9374,10155457.8,Not Specified,Demo-Only,Social
2023-01-08,Facebook/Instagram,ipod,4.59,3060.0,2,10155457.8,Not Specified,Demo-Only,Social
2023-01-08,Facebook/Instagram,other,8.33,5714.0,2,10155457.8,Not Specified,Demo-Only,Social
2023-01-08,Pinterest,Unknown Device Category,42881.21,15181226.0,13462,10155457.8,Not Specified,Demo-Only,Social
2023-01-15,Amazon,Not Specified,0.61,252559.0,466,10538446.2,FEP,Not Specified,Display
2023-01-15,CBS,Not Specified,0.02,32956.0,5,10538446.2,FEP,Not Specified,Display
2023-01-15,Facebook/Instagram,android_smartphone,7596.19,4982521.0,3116,10538446.2,Not Specified,Demo-Only,Social
2023-01-15,Facebook/Instagram,android_tablet,90.58,59073.0,53,10538446.2,Not Specified,Demo-Only,Social
2023-01-15,Facebook/Instagram,desktop,197.88,131121.0,71,10538446.2,Not Specified,Demo-Only,Social
2023-01-15,Facebook/Instagram,ipad,340.6,223061.0,139,10538446.2,Not Specified,Demo-Only,Social
2023-01-15,Facebook/Instagram,iphone,25281.42,15952129.0,11120,10538446.2,Not Specified,Demo-Only,Social
2023-01-15,Facebook/Instagram,ipod,8.35,5915.0,4,10538446.2,Not Specified,Demo-Only,Social
2023-01-15,Facebook/Instagram,other,9.01,5688.0,4,10538446.2,Not Specified,Demo-Only,Social
2023-01-15,NBC Sports,Not Specified,0.1,596033.0,53,10538446.2,FEP,Not Specified,Display
2023-01-15,Pinterest,Unknown Device Category,53979.35,18665306.0,17044,10538446.2,Not Specified,Demo-Only,Social
2023-01-15,Roku,Not Specified,0.04,12667.0,4,10538446.2,FEP,Not Specified,Display
2023-01-15,The Trade Desk,Not Specified,0.14,2846826.0,6741,10538446.2,Programmatic,Not Specified,Display
2023-01-15,Tubi Inc,Not Specified,0.06,13374.0,6,10538446.2,FEP,Not Specified,Display
2023-01-15,YouTube,Not Specified,1.96,4523273.0,1399,10538446.2,Programmatic,Not Specified,Display
2023-01-22,Amazon,Not Specified,0.51,57.0,0,10241207.4,FEP,Not Specified,Display
2023-01-22,Facebook/Instagram,android_smartphone,8428.35,5204887.0,3337,10241207.4,Not Specified,Demo-Only,Social
2023-01-22,Facebook/Instagram,android_tablet,102.31,61438.0,71,10241207.4,Not Specified,Demo-Only,Social
2023-01-22,Facebook/Instagram,desktop,262.98,160037.0,78,10241207.4,Not Specified,Demo-Only,Social
2023-01-22,Facebook/Instagram,ipad,376.83,230687.0,144,10241207.4,Not Specified,Demo-Only,Social
2023-01-22,Facebook/Instagram,iphone,26451.32,15995820.0,11384,10241207.4,Not Specified,Demo-Only,Social
2023-01-22,Facebook/Instagram,ipod,9.5,6008.0,4,10241207.4,Not Specified,Demo-Only,Social
2023-01-22,Facebook/Instagram,other,9.27,5427.0,2,10241207.4,Not Specified,Demo-Only,Social
2023-01-22,NBC Sports,Not Specified,0.01,72.0,0,10241207.4,FEP,Not Specified,Display
2023-01-22,Pinterest,Unknown Device Category,53976.45,17693639.0,15507,10241207.4,Not Specified,Demo-Only,Social
2023-01-22,The Trade Desk,Not Specified,0.14,2815607.0,6593,10241207.4,Programmatic,Not Specified,Display
2023-01-22,YouTube,Not Specified,1.96,4486070.0,1363,10241207.4,Programmatic,Not Specified,Display
2023-01-29,Amazon,Not Specified,0.56,3099504.0,5725,9897463.23,FEP,Not Specified,Display
2023-01-29,CBS,Not Specified,0.12,805348.0,103,9897463.23,FEP,Not Specified,Display
2023-01-29,Facebook/Instagram,android_smartphone,8214.95,5092530.0,3355,9897463.23,Not Specified,Demo-Only,Social
2023-01-29,Facebook/Instagram,android_tablet,100.11,60335.0,53,9897463.23,Not Specified,Demo-Only,Social
2023-01-29,Facebook/Instagram,desktop,299.06,183248.0,93,9897463.23,Not Specified,Demo-Only,Social
2023-01-29,Facebook/Instagram,ipad,377.04,227870.0,146,9897463.23,Not Specified,Demo-Only,Social
2023-01-29,Facebook/Instagram,iphone,26565.5,16068443.0,11794,9897463.23,Not Specified,Demo-Only,Social
2023-01-29,Facebook/Instagram,ipod,9.36,6031.0,10,9897463.23,Not Specified,Demo-Only,Social
2023-01-29,Facebook/Instagram,other,8.97,5370.0,1,9897463.23,Not Specified,Demo-Only,Social
2023-01-29,Pinterest,Unknown Device Category,54255.84,17427539.0,14672,9897463.23,Not Specified,Keyword,Social
2023-01-29,Roku,Not Specified,0.24,436518.0,118,9897463.23,FEP,Not Specified,Display
2023-01-29,The Trade Desk,Not Specified,0.67,2719381.0,5135,9897463.23,Programmatic,Not Specified,Display
2023-01-29,Tubi Inc,Not Specified,0.18,310502.0,80,9897463.23,FEP,Not Specified,Display
2023-01-29,YouTube,Not Specified,2.0,4581481.0,1391,9897463.23,Programmatic,Not Specified,Display
2023-02-05,Amazon,Not Specified,0.55,2662437.0,4917,0.0,FEP,Not Specified,Display
2023-02-05,CBS,Not Specified,0.14,812200.0,124,0.0,FEP,Not Specified,Display
2023-02-05,Facebook/Instagram,android_smartphone,8224.24,4704031.0,2954,9856178.28,Not Specified,Demo-Only,Social
2023-02-05,Facebook/Instagram,android_tablet,99.42999999999999,56221.0,52,9856178.28,Not Specified,Demo-Only,Social
2023-02-05,Facebook/Instagram,desktop,298.61,171016.0,93,9856178.28,Not Specified,Demo-Only,Social
2023-02-05,Facebook/Instagram,ipad,374.33,212122.0,126,9856178.28,Not Specified,Demo-Only,Social
2023-02-05,Facebook/Instagram,iphone,25928.19,14465226.0,10323,9856178.28,Not Specified,Demo-Only,Social
2023-02-05,Facebook/Instagram,ipod,9.44,5609.0,4,9856178.28,Not Specified,Demo-Only,Social
2023-02-05,Facebook/Instagram,other,9.76,5295.0,2,9856178.28,Not Specified,Demo-Only,Social
2023-02-05,Pinterest,Unknown Device Category,59295.85,17495284.0,14596,9856178.28,Not Specified,Keyword,Social
2023-02-05,Roku,Not Specified,0.28,308668.0,83,0.0,FEP,Not Specified,Display
2023-02-05,The Trade Desk,Not Specified,0.2,2904991.0,5355,0.0,Programmatic,Not Specified,Display
2023-02-05,TikTok,Unknown Device Category,14405.63,5735580.0,7791,9856178.28,Not Specified,Demo-Only,Social
2023-02-05,Tubi Inc,Not Specified,0.21,353779.5,87,0.0,FEP,Not Specified,Display
2023-02-05,YouTube,Not Specified,1.96,4466190.0,1682,0.0,Programmatic,Not Specified,Display
2023-02-12,Amazon,Not Specified,0.37,298349.0,551,0.0,FEP,Not Specified,Display
2023-02-12,CBS,Not Specified,0.02,82506.0,27,0.0,FEP,Not Specified,Display
2023-02-12,Facebook/Instagram,android_smartphone,8281.47,4741685.0,2849,9778717.01,Not Specified,Demo-Only,Social
2023-02-12,Facebook/Instagram,android_tablet,99.18,55653.0,52,9778717.01,Not Specified,Demo-Only,Social
2023-02-12,Facebook/Instagram,desktop,276.26,158685.0,83,9778717.01,Not Specified,Demo-Only,Social
2023-02-12,Facebook/Instagram,ipad,375.73,211167.0,130,9778717.01,Not Specified,Demo-Only,Social
2023-02-12,Facebook/Instagram,iphone,26444.28,14823229.0,10764,9778717.01,Not Specified,Demo-Only,Social
2023-02-12,Facebook/Instagram,ipod,9.44,5376.0,2,9778717.01,Not Specified,Demo-Only,Social
2023-02-12,Facebook/Instagram,other,10.64,6021.0,1,9778717.01,Not Specified,Demo-Only,Social
2023-02-12,Pinterest,Unknown Device Category,62955.93,18268298.0,15074,9778717.01,Not Specified,Interest,Social
2023-02-12,Roku,Not Specified,0.04,9768.0,2,0.0,FEP,Not Specified,Display
2023-02-12,The Trade Desk,Not Specified,3.5,3097507.0,5105,0.0,Programmatic,Not Specified,Display
2023-02-12,TikTok,Unknown Device Category,69174.66,24011881.0,34909,9778717.01,Not Specified,Demo-Only,Social
2023-02-12,Tubi Inc,Not Specified,0.03,45751.5,12,0.0,FEP,Not Specified,Display
2023-02-12,YouTube,Not Specified,3.0100000000000002,5138557.5,2437,0.0,Programmatic,Not Specified,Display
2023-02-19,Amazon,Not Specified,0.28,31.0,0,0.0,FEP,Not Specified,Display
2023-02-19,Facebook/Instagram,android_smartphone,8300.21,4713225.0,2844,9071115.21,Not Specified,Demo-Only,Social
2023-02-19,Facebook/Instagram,android_tablet,98.88,55550.0,51,9071115.21,Not Specified,Demo-Only,Social
2023-02-19,Facebook/Instagram,desktop,297.04,168369.0,86,9071115.21,Not Specified,Demo-Only,Social
2023-02-19,Facebook/Instagram,ipad,385.72,216524.0,132,9071115.21,Not Specified,Demo-Only,Social
2023-02-19,Facebook/Instagram,iphone,26194.78,14580854.0,10756,9071115.21,Not Specified,Demo-Only,Social
2023-02-19,Facebook/Instagram,ipod,9.07,5434.0,4,9071115.21,Not Specified,Demo-Only,Social
2023-02-19,Facebook/Instagram,other,9.91,5271.0,3,9071115.21,Not Specified,Demo-Only,Social
2023-02-19,Pinterest,Unknown Device Category,53709.72,16481832.0,13120,9071115.21,Not Specified,Keyword,Social
2023-02-19,The Trade Desk,Not Specified,4.3500000000000005,2936238.0,6421,0.0,Programmatic,Not Specified,Display
2023-02-19,TikTok,Unknown Device Category,63075.67,23330553.0,32611,9071115.21,Not Specified,Demo-Only,Social
2023-02-19,YouTube,Not Specified,3.29,4764551.5,2111,0.0,Programmatic,Not Specified,Display
2023-02-26,Amazon,Not Specified,0.28,2982501.0,5512,0.0,FEP,Not Specified,Display
2023-02-26,CBS,Not Specified,0.12,1410724.0,283,0.0,FEP,Not Specified,Display
2023-02-26,Facebook/Instagram,android_smartphone,8510.47,4795686.0,2848,9563246.82,Not Specified,Demo-Only,Social
2023-02-26,Facebook/Instagram,android_tablet,98.49,54559.0,48,9563246.82,Not Specified,Demo-Only,Social
2023-02-26,Facebook/Instagram,desktop,307.28,173902.0,87,9563246.82,Not Specified,Demo-Only,Social
2023-02-26,Facebook/Instagram,ipad,391.66,217644.0,139,9563246.82,Not Specified,Demo-Only,Social
2023-02-26,Facebook/Instagram,iphone,26667.45,14750918.0,10355,9563246.82,Not Specified,Demo-Only,Social
2023-02-26,Facebook/Instagram,ipod,8.870000000000001,5238.0,5,9563246.82,Not Specified,Demo-Only,Social
2023-02-26,Facebook/Instagram,other,9.87,5444.0,1,9563246.82,Not Specified,Demo-Only,Social
2023-02-26,Pinterest,Unknown Device Category,51166.02,15573976.0,12403,9563246.82,Not Specified,Demo-Only,Social
2023-02-26,Roku,Not Specified,0.24,411544.0,113,0.0,FEP,Not Specified,Display
2023-02-26,The Trade Desk,Not Specified,4.42,2949335.0,7000,0.0,Programmatic,Not Specified,Display
2023-02-26,TikTok,Unknown Device Category,65196.58,24425118.0,37535,9563246.82,Not Specified,Demo-Only,Social
2023-02-26,Tubi Inc,Not Specified,0.18,304253.0,76,0.0,FEP,Not Specified,Display
2023-02-26,YouTube,Not Specified,3.33,4888697.5,2286,0.0,Programmatic,Not Specified,Display
2023-03-05,Amazon,Not Specified,0.28,2585043.0,4777,0.0,FEP,Not Specified,Display
2023-03-05,CBS,Not Specified,0.14,1492013.0,344,0.0,FEP,Not Specified,Display
2023-03-05,Facebook/Instagram,android_smartphone,8587.4,4763844.0,2851,9834201.96,Not Specified,Demo-Only,Social
2023-03-05,Facebook/Instagram,android_tablet,95.77,53020.0,49,9834201.96,Not Specified,Demo-Only,Social
2023-03-05,Facebook/Instagram,desktop,288.6,161967.0,79,9834201.96,Not Specified,Demo-Only,Social
2023-03-05,Facebook/Instagram,ipad,385.43,210128.0,111,9834201.96,Not Specified,Demo-Only,Social
2023-03-05,Facebook/Instagram,iphone,27015.69,14653085.0,10774,9834201.96,Not Specified,Demo-Only,Social
2023-03-05,Facebook/Instagram,ipod,8.87,4898.0,3,9834201.96,Not Specified,Demo-Only,Social
2023-03-05,Facebook/Instagram,other,9.7,5007.0,7,9834201.96,Not Specified,Demo-Only,Social
2023-03-05,Not Specified,Not Specified,246063.95,1.0,0,9834201.96,Not Specified,Not Specified,TV
2023-03-05,Pinterest,Unknown Device Category,49022.57,14453491.0,11768,9834201.96,Not Specified,Keyword,Social
2023-03-05,Roku,Not Specified,0.28,336522.0,90,0.0,FEP,Not Specified,Display
2023-03-05,The Trade Desk,Not Specified,4.34,3055130.0,6558,0.0,Programmatic,Not Specified,Display
2023-03-05,TikTok,Unknown Device Category,77627.84,28010982.0,49275,9834201.96,Not Specified,Demo-Only,Social
2023-03-05,Tubi Inc,Not Specified,0.21,377142.5,92,0.0,FEP,Not Specified,Display
2023-03-05,YouTube,Not Specified,3.36,5111524.0,2437,0.0,Programmatic,Not Specified,Display
2023-03-12,Amazon,Not Specified,0.09,283279.0,523,0.0,FEP,Not Specified,Display
2023-03-12,CBS,Not Specified,0.02,147955.0,40,0.0,FEP,Not Specified,Display
2023-03-12,Facebook/Instagram,android_smartphone,8807.46,4659879.0,2739,9842864.28,Not Specified,Demo-Only,Social
2023-03-12,Facebook/Instagram,android_tablet,99.34,52478.0,44,9842864.28,Not Specified,Demo-Only,Social
2023-03-12,Facebook/Instagram,desktop,289.95,154978.0,83,9842864.28,Not Specified,Demo-Only,Social
2023-03-12,Facebook/Instagram,ipad,382.93,201963.0,125,9842864.28,Not Specified,Demo-Only,Social
2023-03-12,Facebook/Instagram,iphone,27045.82,13995577.0,9254,9842864.28,Not Specified,Demo-Only,Social
2023-03-12,Facebook/Instagram,ipod,8.68,4791.0,4,9842864.28,Not Specified,Demo-Only,Social
2023-03-12,Facebook/Instagram,other,8.6,4424.0,6,9842864.28,Not Specified,Demo-Only,Social
2023-03-12,Pinterest,Unknown Device Category,49176.06,14497893.0,12041,9842864.28,Not Specified,Demo-Only,Social
2023-03-12,Roku,Not Specified,0.09,7627.0,3,0.0,FEP,Not Specified,Display
2023-03-12,The Trade Desk,Not Specified,4.41,2992005.0,7318,0.0,Programmatic,Not Specified,Display
2023-03-12,TikTok,Unknown Device Category,94679.0,29598669.0,59144,9842864.28,Not Specified,Demo-Only,Social
2023-03-12,Tubi Inc,Not Specified,0.03,29739.5,8,0.0,FEP,Not Specified,Display
2023-03-12,YouTube,Not Specified,3.36,5311804.0,2785,0.0,Programmatic,Not Specified,Display
2023-03-19,Amazon,Not Specified,0.13,330.0,0,0.0,FEP,Not Specified,Display
2023-03-19,Facebook/Instagram,android_smartphone,4234.57,2215912.0,1622,9604625.35,Not Specified,Demo-Only,Social
2023-03-19,Facebook/Instagram,android_tablet,59.09,30374.0,27,9604625.35,Not Specified,Demo-Only,Social
2023-03-19,Facebook/Instagram,desktop,196.3,102858.0,54,9604625.35,Not Specified,Demo-Only,Social
2023-03-19,Facebook/Instagram,ipad,217.85,113475.0,67,9604625.35,Not Specified,Demo-Only,Social
2023-03-19,Facebook/Instagram,iphone,10038.89,5331381.0,3654,9604625.35,Not Specified,Demo-Only,Social
2023-03-19,Facebook/Instagram,ipod,6.49,3434.0,1,9604625.35,Not Specified,Demo-Only,Social
2023-03-19,Facebook/Instagram,other,1.61,743.0,0,9604625.35,Not Specified,Demo-Only,Social
2023-03-19,Pinterest,Unknown Device Category,8116.69,2322302.0,1975,9604625.35,Not Specified,Keyword,Social
2023-03-19,The Trade Desk,Not Specified,4.34,3148743.0,9499,0.0,Programmatic,Not Specified,Display
2023-03-19,TikTok,Unknown Device Category,92056.93000000001,28912008.0,51545,9604625.35,Not Specified,Demo-Only,Social
2023-03-19,YouTube,Not Specified,3.36,5715413.0,3657,0.0,Programmatic,Not Specified,Display
2023-03-26,Amazon,Not Specified,0.78,601873.0,1109,0.0,FEP,Not Specified,Display
2023-03-26,CBS,Not Specified,0.13,911910.0,86,0.0,FEP,Not Specified,Display
2023-03-26,Facebook/Instagram,android_smartphone,2379.26,1287339.0,636,9404039.29,Not Specified,Demo-Only,Social
2023-03-26,Facebook/Instagram,android_tablet,23.81,12484.0,11,9404039.29,Not Specified,Demo-Only,Social
2023-03-26,Facebook/Instagram,desktop,51.74,28686.0,14,9404039.29,Not Specified,Demo-Only,Social
2023-03-26,Facebook/Instagram,ipad,93.07,50618.0,27,9404039.29,Not Specified,Demo-Only,Social
2023-03-26,Facebook/Instagram,iphone,5448.29,2974488.0,1325,9404039.29,Not Specified,Demo-Only,Social
2023-03-26,Facebook/Instagram,ipod,1.9100000000000001,900.0,0,9404039.29,Not Specified,Demo-Only,Social
2023-03-26,Facebook/Instagram,other,4.51,2408.0,4,9404039.29,Not Specified,Demo-Only,Social
2023-03-26,NBCU,Not Specified,0.12,405454.0,295,0.0,FEP,Not Specified,Display
2023-03-26,Not Specified,Not Specified,159116.46,1.0,0,9404039.29,Not Specified,Not Specified,TV
2023-03-26,Pinterest,Unknown Device Category,1086.02,342966.0,286,9404039.29,Not Specified,Interest,Social
2023-03-26,Roku,Not Specified,0.12,455828.0,123,0.0,FEP,Not Specified,Display
2023-03-26,The Trade Desk,Not Specified,4.44,3100780.0,8289,0.0,Programmatic,Not Specified,Display
2023-03-26,TikTok,Unknown Device Category,36691.35,12910696.0,20988,9404039.29,Not Specified,Demo-Only,Social
2023-03-26,Tubi Inc,Not Specified,0.13,594942.0,153,0.0,FEP,Not Specified,Display
2023-03-26,YouTube,Not Specified,3.37,5606662.5,3815,0.0,Programmatic,Not Specified,Display
2023-04-02,Amazon,Not Specified,0.84,515441.0,951,0.0,FEP,Not Specified,Display
2023-04-02,CBS,Not Specified,0.14,1003171.0,74,0.0,FEP,Not Specified,Display
2023-04-02,Facebook/Instagram,android_smartphone,7739.03,4453135.0,2444,9103074.7,Not Specified,Demo-Only,Social
2023-04-02,Facebook/Instagram,android_tablet,78.0,46564.0,45,9103074.7,Not Specified,Demo-Only,Social
2023-04-02,Facebook/Instagram,desktop,198.28,119105.0,56,9103074.7,Not Specified,Demo-Only,Social
2023-04-02,Facebook/Instagram,ipad,334.05,193955.0,116,9103074.7,Not Specified,Demo-Only,Social
2023-04-02,Facebook/Instagram,iphone,27082.64,14758289.0,8271,9103074.7,Not Specified,Demo-Only,Social
2023-04-02,Facebook/Instagram,ipod,7.05,4206.0,2,9103074.7,Not Specified,Demo-Only,Social
2023-04-02,Facebook/Instagram,other,10.14,5173.0,2,9103074.7,Not Specified,Demo-Only,Social
2023-04-02,NBCU,Not Specified,0.14,395975.0,149,0.0,FEP,Not Specified,Display
2023-04-02,Not Specified,Not Specified,159116.46,1.0,0,9103074.7,Not Specified,Not Specified,TV
2023-04-02,Pinterest,Unknown Device Category,1002.48,316584.0,264,9103074.7,Not Specified,Interest,Social
2023-04-02,Roku,Not Specified,0.14,487970.0,131,0.0,FEP,Not Specified,Display
2023-04-02,The Trade Desk,Not Specified,4.34,2900351.0,5741,0.0,Programmatic,Not Specified,Display
2023-04-02,TikTok,Unknown Device Category,27596.239999999998,11088677.0,17472,9103074.7,Not Specified,Demo-Only,Social
2023-04-02,Tubi Inc,Not Specified,0.14,735522.0,188,0.0,FEP,Not Specified,Display
2023-04-02,YouTube,Not Specified,3.49,4840842.5,2082,0.0,Programmatic,Not Specified,Display
2023-04-09,Amazon,Not Specified,0.62,56171.0,103,0.0,FEP,Not Specified,Display
2023-04-09,CBS,Not Specified,0.02,107329.0,30,0.0,FEP,Not Specified,Display
2023-04-09,Facebook/Instagram,android_smartphone,8747.67,4829922.0,2701,9400439.27,Not Specified,Demo-Only,Social
2023-04-09,Facebook/Instagram,android_tablet,92.79,51935.0,48,9400439.27,Not Specified,Demo-Only,Social
2023-04-09,Facebook/Instagram,desktop,277.87,159657.0,83,9400439.27,Not Specified,Demo-Only,Social
2023-04-09,Facebook/Instagram,ipad,374.42,207976.0,110,9400439.27,Not Specified,Demo-Only,Social
2023-04-09,Facebook/Instagram,iphone,31224.13,16623820.0,10109,9400439.27,Not Specified,Demo-Only,Social
2023-04-09,Facebook/Instagram,ipod,8.52,4850.0,3,9400439.27,Not Specified,Demo-Only,Social
2023-04-09,Facebook/Instagram,other,10.459999999999999,5198.0,3,9400439.27,Not Specified,Demo-Only,Social
2023-04-09,NBCU,Not Specified,0.02,58164.0,41,0.0,FEP,Not Specified,Display
2023-04-09,Pinterest,Unknown Device Category,1127.7900000000002,356157.0,297,9400439.27,Not Specified,Interest,Social
2023-04-09,Roku,Not Specified,0.02,23573.0,6,0.0,FEP,Not Specified,Display
2023-04-09,The Trade Desk,Not Specified,4.4,1325004.0,2235,0.0,Programmatic,Not Specified,Display
2023-04-09,TikTok,Unknown Device Category,8199.78,3410372.0,5395,9400439.27,Not Specified,Demo-Only,Social
2023-04-09,Tubi Inc,Not Specified,0.02,105873.0,27,0.0,FEP,Not Specified,Display
2023-04-09,YouTube,Not Specified,3.4,3225744.0,1675,0.0,Programmatic,Not Specified,Display
2023-04-16,Amazon,Not Specified,0.54,59.0,0,0.0,FEP,Not Specified,Display
2023-04-16,Facebook/Instagram,android_smartphone,8900.64,4662450.0,2524,8601772.01,Not Specified,Demo-Only,Social
2023-04-16,Facebook/Instagram,android_tablet,93.8,50258.0,43,8601772.01,Not Specified,Demo-Only,Social
2023-04-16,Facebook/Instagram,desktop,277.45,151984.0,76,8601772.01,Not Specified,Demo-Only,Social
2023-04-16,Facebook/Instagram,ipad,370.54,195936.0,106,8601772.01,Not Specified,Demo-Only,Social
2023-04-16,Facebook/Instagram,iphone,30948.44,15674930.0,9588,8601772.01,Not Specified,Demo-Only,Social
2023-04-16,Facebook/Instagram,ipod,8.36,4683.0,5,8601772.01,Not Specified,Demo-Only,Social
2023-04-16,Facebook/Instagram,other,11.08,5212.0,1,8601772.01,Not Specified,Demo-Only,Social
2023-04-16,Pinterest,Unknown Device Category,793.6300000000001,250629.0,209,8601772.01,Not Specified,Interest,Social
2023-04-16,The Trade Desk,Not Specified,4.41,1154497.0,1719,0.0,Programmatic,Not Specified,Display
2023-04-16,YouTube,Not Specified,3.36,2957965.0,1597,0.0,Programmatic,Not Specified,Display
2023-04-23,Amazon,Not Specified,0.56,663855.0,1223,0.0,FEP,Not Specified,Display
2023-04-23,CBS,Not Specified,0.12,917463.0,82,0.0,FEP,Not Specified,Display
2023-04-23,Facebook/Instagram,android_smartphone,8520.16,4463414.0,2592,9310870.31,Not Specified,Demo-Only,Social
2023-04-23,Facebook/Instagram,android_tablet,90.75,48233.0,38,9310870.31,Not Specified,Demo-Only,Social
2023-04-23,Facebook/Instagram,desktop,266.46,146453.0,76,9310870.31,Not Specified,Demo-Only,Social
2023-04-23,Facebook/Instagram,ipad,379.34,199755.0,111,9310870.31,Not Specified,Demo-Only,Social
2023-04-23,Facebook/Instagram,iphone,31416.82,15801229.0,9401,9310870.31,Not Specified,Demo-Only,Social
2023-04-23,Facebook/Instagram,ipod,8.370000000000001,4566.0,4,9310870.31,Not Specified,Demo-Only,Social
2023-04-23,Facebook/Instagram,other,11.34,5274.0,2,9310870.31,Not Specified,Demo-Only,Social
2023-04-23,NBCU,Not Specified,0.12,393399.0,118,0.0,FEP,Not Specified,Display
2023-04-23,Not Specified,Not Specified,159116.46,1.0,0,9310870.31,Not Specified,Not Specified,TV
2023-04-23,Pinterest,Unknown Device Category,918.94,290202.0,242,9310870.31,Not Specified,Demo-Only,Social
2023-04-23,Roku,Not Specified,0.24,430971.0,118,0.0,FEP,Not Specified,Display
2023-04-23,The Trade Desk,Not Specified,4.34,1178740.0,1937,0.0,Programmatic,Not Specified,Display
2023-04-23,Tubi Inc,Not Specified,0.14,632543.0,183,0.0,FEP,Not Specified,Display
2023-04-23,YouTube,Not Specified,3.48,3140764.0,1649,0.0,Programmatic,Not Specified,Display
2023-04-30,Amazon,Not Specified,0.56,464994.0,860,0.0,FEP,Not Specified,Display
2023-04-30,CBS,Not Specified,0.14,1010840.0,86,0.0,FEP,Not Specified,Display
2023-04-30,Facebook/Instagram,android_smartphone,8829.18,4700881.0,2785,9257641.52,Not Specified,Demo-Only,Social
2023-04-30,Facebook/Instagram,android_tablet,90.11,49154.0,43,9257641.52,Not Specified,Demo-Only,Social
2023-04-30,Facebook/Instagram,desktop,308.38,171641.0,80,9257641.52,Not Specified,Demo-Only,Social
2023-04-30,Facebook/Instagram,ipad,374.11,200292.0,117,9257641.52,Not Specified,Demo-Only,Social
2023-04-30,Facebook/Instagram,iphone,30853.41,15593688.0,9698,9257641.52,Not Specified,Demo-Only,Social
2023-04-30,Facebook/Instagram,ipod,8.02,4600.0,7,9257641.52,Not Specified,Demo-Only,Social
2023-04-30,Facebook/Instagram,other,10.22,4922.0,3,9257641.52,Not Specified,Demo-Only,Social
2023-04-30,NBCU,Not Specified,0.14,452081.0,134,0.0,FEP,Not Specified,Display
2023-04-30,Not Specified,Not Specified,159116.46,1.0,0,9257641.52,Not Specified,Not Specified,TV
2023-04-30,Pinterest,Unknown Device Category,668.32,211056.0,176,9257641.52,Not Specified,Keyword,Social
2023-04-30,Roku,Not Specified,0.28,467203.0,123,0.0,FEP,Not Specified,Display
2023-04-30,The Trade Desk,Not Specified,4.34,1155230.0,1876,0.0,Programmatic,Not Specified,Display
2023-04-30,Tubi Inc,Not Specified,0.14,758108.0,179,0.0,FEP,Not Specified,Display
2023-04-30,YouTube,Not Specified,3.44,3077791.0,1626,0.0,Programmatic,Not Specified,Display
2023-05-07,Amazon,Not Specified,0.36,39324.0,72,0.0,FEP,Not Specified,Display
2023-05-07,CBS,Not Specified,0.04,93558.0,19,0.0,FEP,Not Specified,Display
2023-05-07,Facebook/Instagram,android_smartphone,9083.22,4625511.0,2676,9685965.44,Not Specified,Demo-Only,Social
2023-05-07,Facebook/Instagram,android_tablet,90.57,47227.0,39,9685965.44,Not Specified,Demo-Only,Social
2023-05-07,Facebook/Instagram,desktop,266.31,144146.0,75,9685965.44,Not Specified,Demo-Only,Social
2023-05-07,Facebook/Instagram,ipad,363.87,187047.0,103,9685965.44,Not Specified,Demo-Only,Social
2023-05-07,Facebook/Instagram,iphone,30507.63,14842507.0,9125,9685965.44,Not Specified,Demo-Only,Social
2023-05-07,Facebook/Instagram,ipod,8.49,4434.0,2,9685965.44,Not Specified,Demo-Only,Social
2023-05-07,Facebook/Instagram,other,10.53,4801.0,1,9685965.44,Not Specified,Demo-Only,Social
2023-05-07,NBCU,Not Specified,0.02,38247.0,12,0.0,FEP,Not Specified,Display
2023-05-07,Pinterest,Unknown Device Category,877.1700000000001,277011.0,231,9685965.44,Not Specified,Demo-Only,Social
2023-05-07,Roku,Not Specified,0.05,35221.0,8,0.0,FEP,Not Specified,Display
2023-05-07,The Trade Desk,Not Specified,4.44,1213147.0,2377,0.0,Programmatic,Not Specified,Display
2023-05-07,Tubi Inc,Not Specified,0.04,125230.5,27,0.0,FEP,Not Specified,Display
2023-05-07,YouTube,Not Specified,3.33,3108087.5,1683,0.0,Programmatic,Not Specified,Display
2023-05-14,Amazon,Not Specified,0.28,31.0,0,0.0,FEP,Not Specified,Display
2023-05-14,Facebook/Instagram,android_smartphone,8971.0,4519746.0,2640,9220157.19,Not Specified,Demo-Only,Social
2023-05-14,Facebook/Instagram,android_tablet,91.15,46547.0,37,9220157.19,Not Specified,Demo-Only,Social
2023-05-14,Facebook/Instagram,desktop,278.47,147207.0,72,9220157.19,Not Specified,Demo-Only,Social
2023-05-14,Facebook/Instagram,ipad,358.13,182880.0,121,9220157.19,Not Specified,Demo-Only,Social
2023-05-14,Facebook/Instagram,iphone,29598.54,14250086.0,8740,9220157.19,Not Specified,Demo-Only,Social
2023-05-14,Facebook/Instagram,ipod,7.65,4153.0,1,9220157.19,Not Specified,Demo-Only,Social
2023-05-14,Facebook/Instagram,other,9.17,4284.0,1,9220157.19,Not Specified,Demo-Only,Social
2023-05-14,Pinterest,Unknown Device Category,710.09,224247.0,187,9220157.19,Not Specified,Keyword,Social
2023-05-14,The Trade Desk,Not Specified,4.34,1851794.0,4356,0.0,Programmatic,Not Specified,Display
2023-05-14,YouTube,Not Specified,3.29,4334185.5,2592,0.0,Programmatic,Not Specified,Display
2023-05-21,Amazon,Not Specified,0.28,658844.0,1215,0.0,FEP,Not Specified,Display
2023-05-21,CBS,Not Specified,0.12,1567462.0,60,0.0,FEP,Not Specified,Display
2023-05-21,Facebook/Instagram,android_smartphone,9292.41,4522350.0,2481,8901739.66,Not Specified,Demo-Only,Social
2023-05-21,Facebook/Instagram,android_tablet,96.37,47308.0,39,8901739.66,Not Specified,Demo-Only,Social
2023-05-21,Facebook/Instagram,desktop,295.31,151357.0,70,8901739.66,Not Specified,Demo-Only,Social
2023-05-21,Facebook/Instagram,ipad,377.86,187160.0,112,8901739.66,Not Specified,Demo-Only,Social
2023-05-21,Facebook/Instagram,iphone,31142.23,14466085.0,9048,8901739.66,Not Specified,Demo-Only,Social
2023-05-21,Facebook/Instagram,ipod,7.98,4142.0,1,8901739.66,Not Specified,Demo-Only,Social
2023-05-21,Facebook/Instagram,other,10.09,4538.0,5,8901739.66,Not Specified,Demo-Only,Social
2023-05-21,NBCU,Not Specified,0.12,391698.0,118,0.0,FEP,Not Specified,Display
2023-05-21,Not Specified,Not Specified,159116.46,1.0,0,8901739.66,Not Specified,Not Specified,TV
2023-05-21,Pinterest,Unknown Device Category,501.24,158292.0,132,8901739.66,Not Specified,Interest,Social
2023-05-21,Roku,Not Specified,0.24,475390.0,129,0.0,FEP,Not Specified,Display
2023-05-21,The Trade Desk,Not Specified,4.37,1958472.0,5150,0.0,Programmatic,Not Specified,Display
2023-05-21,Tubi Inc,Not Specified,0.12,665253.0,151,0.0,FEP,Not Specified,Display
2023-05-21,YouTube,Not Specified,3.41,4248253.5,2463,0.0,Programmatic,Not Specified,Display
2023-05-28,Amazon,Not Specified,0.29,462313.0,855,0.0,FEP,Not Specified,Display
2023-05-28,CBS,Not Specified,0.14,1570847.0,91,0.0,FEP,Not Specified,Display
2023-05-28,Facebook/Instagram,android_smartphone,5242.94,2661831.0,1230,8740458.1,Not Specified,Demo-Only,Social
2023-05-28,Facebook/Instagram,android_tablet,50.22,25308.0,15,8740458.1,Not Specified,Demo-Only,Social
2023-05-28,Facebook/Instagram,desktop,130.84,68655.0,29,8740458.1,Not Specified,Demo-Only,Social
2023-05-28,Facebook/Instagram,ipad,199.42000000000002,99051.0,68,8740458.1,Not Specified,Demo-Only,Social
2023-05-28,Facebook/Instagram,iphone,19519.17,9509675.0,5713,8740458.1,Not Specified,Demo-Only,Social
2023-05-28,Facebook/Instagram,ipod,3.25,1495.0,0,8740458.1,Not Specified,Demo-Only,Social
2023-05-28,Facebook/Instagram,other,8.18,3947.0,5,8740458.1,Not Specified,Demo-Only,Social
2023-05-28,NBCU,Not Specified,0.14,462000.0,127,0.0,FEP,Not Specified,Display
2023-05-28,Not Specified,Not Specified,159116.46,1.0,0,8740458.1,Not Specified,Not Specified,TV
2023-05-28,Pinterest,Unknown Device Category,835.4000000000001,263820.0,220,8740458.1,Not Specified,Demo-Only,Social
2023-05-28,Roku,Not Specified,0.34,558094.0,154,0.0,FEP,Not Specified,Display
2023-05-28,The Trade Desk,Not Specified,2.72,932938.0,2228,0.0,Programmatic,Not Specified,Display
2023-05-28,Tubi Inc,Not Specified,0.14,750708.0,246,0.0,FEP,Not Specified,Display
2023-05-28,YouTube,Not Specified,2.12,2513119.0,1232,0.0,Programmatic,Not Specified,Display
2023-06-04,Amazon,Not Specified,0.08,47815.0,88,0.0,FEP,Not Specified,Display
2023-06-04,CBS,Not Specified,0.03,200449.0,25,0.0,FEP,Not Specified,Display
2023-06-04,Facebook/Instagram,android_smartphone,4028.5,2022019.0,932,8678092.2,Not Specified,Demo-Only,Social
2023-06-04,Facebook/Instagram,android_tablet,40.839999999999996,20169.0,11,8678092.2,Not Specified,Demo-Only,Social
2023-06-04,Facebook/Instagram,desktop,102.8,52131.0,25,8678092.2,Not Specified,Demo-Only,Social
2023-06-04,Facebook/Instagram,ipad,158.12,77853.0,53,8678092.2,Not Specified,Demo-Only,Social
2023-06-04,Facebook/Instagram,iphone,15789.98,7659432.0,4473,8678092.2,Not Specified,Demo-Only,Social
2023-06-04,Facebook/Instagram,ipod,2.38,1062.0,0,8678092.2,Not Specified,Demo-Only,Social
2023-06-04,Facebook/Instagram,other,8.05,3746.0,0,8678092.2,Not Specified,Demo-Only,Social
2023-06-04,NBCU,Not Specified,0.02,80177.0,24,0.0,FEP,Not Specified,Display
2023-06-04,Pinterest,Unknown Device Category,710.09,224247.0,187,8678092.2,Not Specified,Interest,Social
2023-06-04,Roku,Not Specified,0.06,44714.0,12,0.0,FEP,Not Specified,Display
2023-06-04,The Trade Desk,Not Specified,0.4,72.0,0,0.0,Programmatic,Not Specified,Display
2023-06-04,Tubi Inc,Not Specified,0.04,107944.0,20,0.0,FEP,Not Specified,Display
2023-06-04,YouTube,Not Specified,0.04,39643.0,9,0.0,FEP,Not Specified,Display
2023-06-11,Facebook/Instagram,android_smartphone,4187.07,2005663.0,933,9191120.67,Not Specified,Demo-Only,Social
2023-06-11,Facebook/Instagram,android_tablet,43.02,20389.0,11,9191120.67,Not Specified,Demo-Only,Social
2023-06-11,Facebook/Instagram,desktop,115.74,56740.0,30,9191120.67,Not Specified,Demo-Only,Social
2023-06-11,Facebook/Instagram,ipad,169.86,79590.0,44,9191120.67,Not Specified,Demo-Only,Social
2023-06-11,Facebook/Instagram,iphone,15603.18,7220022.0,4226,9191120.67,Not Specified,Demo-Only,Social
2023-06-11,Facebook/Instagram,ipod,2.22,954.0,1,9191120.67,Not Specified,Demo-Only,Social
2023-06-11,Facebook/Instagram,other,7.88,3580.0,4,9191120.67,Not Specified,Demo-Only,Social
2023-06-11,Pinterest,Unknown Device Category,584.7800000000001,184674.0,154,9191120.67,Not Specified,Demo-Only,Social
2023-06-11,The Trade Desk,Not Specified,0.32,3057.0,2,0.0,Programmatic,Not Specified,Display
2023-06-18,Facebook/Instagram,android_smartphone,597.54,290305.0,164,9114137.06,Not Specified,Demo-Only,Social
2023-06-18,Facebook/Instagram,android_tablet,5.8,2865.0,0,9114137.06,Not Specified,Demo-Only,Social
2023-06-18,Facebook/Instagram,desktop,13.520000000000001,6740.0,4,9114137.06,Not Specified,Demo-Only,Social
2023-06-18,Facebook/Instagram,ipad,22.84,11234.0,6,9114137.06,Not Specified,Demo-Only,Social
2023-06-18,Facebook/Instagram,iphone,2231.98,1051364.0,615,9114137.06,Not Specified,Demo-Only,Social
2023-06-18,Facebook/Instagram,ipod,0.36,134.0,0,9114137.06,Not Specified,Demo-Only,Social
2023-06-18,Facebook/Instagram,other,1.05,472.0,1,9114137.06,Not Specified,Demo-Only,Social
2023-06-18,Not Specified,Not Specified,0.0,0.0,0,9114137.06,Not Specified,Not Specified,TV
2023-06-18,Pinterest,Unknown Device Category,668.32,211056.0,176,9114137.06,Not Specified,Demo-Only,Social
2023-06-18,The Trade Desk,Not Specified,0.33,36.0,1,0.0,Programmatic,Not Specified,Display
2023-06-25,Amazon,Not Specified,0.03,1140041.0,2106,0.0,FEP,Not Specified,Display
2023-06-25,CBS,Not Specified,0.01,1.0,0,0.0,FEP,Not Specified,Display
2023-06-25,Hulu,Not Specified,0.01,1.0,0,0.0,FEP,Not Specified,Display
2023-06-25,Not Specified,Not Specified,0.0,0.0,0,8739404.82,Not Specified,Not Specified,TV
2023-06-25,Pinterest,Unknown Device Category,543.01,171483.0,143,8739404.82,Not Specified,Interest,Social
2023-06-25,Roku,Not Specified,0.01,14737.0,1,0.0,FEP,Not Specified,Display
2023-06-25,The Trade Desk,Not Specified,0.6,81711.0,81,0.0,Programmatic,Not Specified,Display
2023-06-25,YouTube,Not Specified,0.08,110764.0,50,0.0,FEP,Not Specified,Display
2023-07-02,Pinterest,Unknown Device Category,24339.43,7906051.0,7399,8654060.81,Not Specified,Demo & Interests,Social
2023-07-02,The Trade Desk,Not Specified,3.52,950991.0,1030,0.0,Programmatic,Not Specified,Display
2023-07-02,YouTube,Not Specified,1.04,1375714.0,676,0.0,Programmatic,Not Specified,Display
2023-07-09,Amazon,Not Specified,0.16,151.0,0,0.0,FEP,Not Specified,Display
2023-07-09,Discovery,Not Specified,0.06,11.0,5,0.0,FEP,Not Specified,Display
2023-07-09,Pinterest,Unknown Device Category,56827.04,17314576.0,16330,8702889.28,Not Specified,Demo & Interests,Social
2023-07-09,Roku,Not Specified,0.02,2.0,0,0.0,FEP,Not Specified,Display
2023-07-09,The Trade Desk,Not Specified,4.43,1122939.0,1312,0.0,Programmatic,Not Specified,Display
2023-07-09,YouTube,Not Specified,1.33,1688106.5,1152,0.0,Programmatic,Not Specified,Display
2023-07-16,Amazon,Not Specified,0.56,588182.0,1088,0.0,FEP,Not Specified,Display
2023-07-16,CBS,Not Specified,0.12,1711152.0,88,0.0,FEP,Not Specified,Display
2023-07-16,CWTV,Not Specified,0.18,348875.0,171,0.0,FEP,Not Specified,Display
2023-07-16,DV360,Not Specified,2.1,7619431.0,2967,0.0,Programmatic,Not Specified,Display
2023-07-16,Discovery,Not Specified,0.18,701562.0,18,0.0,FEP,Not Specified,Display
2023-07-16,Facebook/Instagram,android_smartphone,11969.24,4800239.0,4533,9212674.9,Not Specified,Demo-Only,Social
2023-07-16,Facebook/Instagram,android_tablet,83.57,34622.0,31,9212674.9,Not Specified,Demo-Only,Social
2023-07-16,Facebook/Instagram,desktop,160.3,66832.0,32,9212674.9,Not Specified,Demo-Only,Social
2023-07-16,Facebook/Instagram,ipad,361.24,148369.0,109,9212674.9,Not Specified,Demo-Only,Social
2023-07-16,Facebook/Instagram,iphone,45752.54,18252043.0,15147,9212674.9,Not Specified,Demo-Only,Social
2023-07-16,Facebook/Instagram,ipod,6.0600000000000005,2277.0,1,9212674.9,Not Specified,Demo-Only,Social
2023-07-16,Facebook/Instagram,other,3.11,1180.0,0,9212674.9,Not Specified,Demo-Only,Social
2023-07-16,Hulu,Not Specified,0.12,397932.0,35,0.0,FEP,Not Specified,Display
2023-07-16,NBCU,Not Specified,0.12,1036594.0,297,0.0,FEP,Not Specified,Display
2023-07-16,Not Specified,Not Specified,253272.09,1.0,0,9212674.9,Not Specified,Not Specified,TV
2023-07-16,Pinterest,Unknown Device Category,56682.75,15945122.0,15912,9212674.9,Not Specified,Demo & Interests,Social
2023-07-16,Roku,Not Specified,0.36,1470418.0,396,0.0,FEP,Not Specified,Display
2023-07-16,The Trade Desk,Not Specified,5.18,1330273.0,1410,0.0,Programmatic,Not Specified,Display
2023-07-16,TikTok,Unknown Device Category,19136.66,6227244.0,9475,9212674.9,Not Specified,Demo-Only,Social
2023-07-16,YouTube,Not Specified,1.44,2096323.0,1313,0.0,Programmatic,Not Specified,Display
2023-07-23,Amazon,Not Specified,0.56,495123.0,916,0.0,FEP,Not Specified,Display
2023-07-23,CBS,Not Specified,0.14,1717558.0,197,0.0,FEP,Not Specified,Display
2023-07-23,CWTV,Not Specified,0.21,520976.5,208,0.0,FEP,Not Specified,Display
2023-07-23,DV360,Not Specified,2.45,8476871.5,2962,0.0,Programmatic,Not Specified,Display
2023-07-23,Discovery,Not Specified,0.21,730214.0,21,0.0,FEP,Not Specified,Display
2023-07-23,Facebook/Instagram,android_smartphone,16458.68,6132456.0,6297,9201067.77,Not Specified,Demo-Only,Social
2023-07-23,Facebook/Instagram,android_tablet,112.86,42323.0,39,9201067.77,Not Specified,Demo-Only,Social
2023-07-23,Facebook/Instagram,desktop,270.17,101568.0,44,9201067.77,Not Specified,Demo-Only,Social
2023-07-23,Facebook/Instagram,ipad,474.25,178410.0,132,9201067.77,Not Specified,Demo-Only,Social
2023-07-23,Facebook/Instagram,iphone,57910.43,21657246.0,19034,9201067.77,Not Specified,Demo-Only,Social
2023-07-23,Facebook/Instagram,ipod,7.2700000000000005,2538.0,1,9201067.77,Not Specified,Demo-Only,Social
2023-07-23,Facebook/Instagram,other,3.71,1362.0,1,9201067.77,Not Specified,Demo-Only,Social
2023-07-23,Hulu,Not Specified,0.14,403468.0,33,0.0,FEP,Not Specified,Display
2023-07-23,NBCU,Not Specified,0.14,1000946.0,428,0.0,FEP,Not Specified,Display
2023-07-23,Not Specified,Not Specified,253272.09,1.0,0,9201067.77,Not Specified,Not Specified,TV
2023-07-23,Pinterest,Unknown Device Category,56819.15,15452695.0,15032,9201067.77,Not Specified,Demo & Interests,Social
2023-07-23,Roku,Not Specified,0.42,1252501.0,340,0.0,FEP,Not Specified,Display
2023-07-23,The Trade Desk,Not Specified,7.86,8120517.0,5413,0.0,Programmatic,Not Specified,Display
2023-07-23,TikTok,Unknown Device Category,23548.91,7861018.0,12560,9201067.77,Not Specified,Demo-Only,Social
2023-07-23,YouTube,Not Specified,1.47,2209933.5,1361,0.0,FEP,Not Specified,Display
2023-07-30,Amazon,Not Specified,1.29,2722514.0,5030,9184224.24,FEP,Not Specified,Display
2023-07-30,CBS,Not Specified,0.14,1128708.0,166,9184224.24,FEP,Not Specified,Display
2023-07-30,CWTV,Not Specified,0.05,51282.5,38,0.0,FEP,Not Specified,Display
2023-07-30,DV360,Not Specified,2.45,8227435.5,2581,0.0,Programmatic,Not Specified,Display
2023-07-30,Discovery,Not Specified,0.03,79530.0,3,0.0,FEP,Not Specified,Display
2023-07-30,Facebook/Instagram,android_smartphone,18281.39,6732810.0,7228,9184224.24,Not Specified,Demo-Only,Social
2023-07-30,Facebook/Instagram,android_tablet,121.28,45096.0,41,9184224.24,Not Specified,Demo-Only,Social
2023-07-30,Facebook/Instagram,desktop,395.16,147460.0,69,9184224.24,Not Specified,Demo-Only,Social
2023-07-30,Facebook/Instagram,ipad,535.79,198138.0,145,9184224.24,Not Specified,Demo-Only,Social
2023-07-30,Facebook/Instagram,iphone,62325.74,23088143.0,21566,9184224.24,Not Specified,Demo-Only,Social
2023-07-30,Facebook/Instagram,ipod,6.86,2678.0,2,9184224.24,Not Specified,Demo-Only,Social
2023-07-30,Facebook/Instagram,other,3.84,1421.0,2,9184224.24,Not Specified,Demo-Only,Social
2023-07-30,Hulu,Not Specified,0.04,54409.0,4,0.0,FEP,Not Specified,Display
2023-07-30,NBC Sports,Not Specified,0.14,2282041.0,298,9184224.24,FEP,Not Specified,Display
2023-07-30,NBCU,Not Specified,0.06,217927.0,121,0.0,FEP,Not Specified,Display
2023-07-30,Pinterest,Unknown Device Category,57388.38,16305544.0,16333,9184224.24,Not Specified,Demo & Interests,Social
2023-07-30,Roku,Not Specified,0.34,400011.0,110,9184224.24,FEP,Not Specified,Display
2023-07-30,The Trade Desk,Not Specified,9.14,16674070.0,43325,9184224.24,Programmatic,Not Specified,Display
2023-07-30,TikTok,Unknown Device Category,25314.64,8316181.0,12785,9184224.24,Not Specified,Demo-Only,Social
2023-07-30,Tubi Inc,Not Specified,0.42,205211.0,59,9184224.24,FEP,Not Specified,Display
2023-07-30,YouTube,Not Specified,3.18,5907276.0,2533,9184224.24,Programmatic,Not Specified,Display
2023-08-06,Amazon,Not Specified,0.42,42.0,0,0.0,FEP,Not Specified,Display
2023-08-06,DV360,Not Specified,2.41,7984619.5,2327,0.0,Programmatic,Not Specified,Display
2023-08-06,Facebook/Instagram,android_smartphone,22327.99,7937136.0,9196,9625326.46,Not Specified,Demo-Only,Social
2023-08-06,Facebook/Instagram,android_tablet,139.47,49970.0,68,9625326.46,Not Specified,Demo-Only,Social
2023-08-06,Facebook/Instagram,desktop,445.31,159908.0,79,9625326.46,Not Specified,Demo-Only,Social
2023-08-06,Facebook/Instagram,ipad,636.66,227666.0,198,9625326.46,Not Specified,Demo-Only,Social
2023-08-06,Facebook/Instagram,iphone,76460.01,27288833.0,27858,9625326.46,Not Specified,Demo-Only,Social
2023-08-06,Facebook/Instagram,ipod,8.46,3005.0,2,9625326.46,Not Specified,Demo-Only,Social
2023-08-06,Facebook/Instagram,other,4.9,1614.0,1,9625326.46,Not Specified,Demo-Only,Social
2023-08-06,NBCU,Not Specified,0.01,1.0,0,0.0,FEP,Not Specified,Display
2023-08-06,Pinterest,Unknown Device Category,62737.36,17614210.0,18856,9625326.46,Not Specified,Demo & Keywords,Social
2023-08-06,The Trade Desk,Not Specified,9.69,13293217.0,14208,0.0,Programmatic,Not Specified,Display
2023-08-06,TikTok,Unknown Device Category,38056.74,11576618.0,17459,9625326.46,Not Specified,Demo-Only,Social
2023-08-06,YouTube,Not Specified,1.33,1726836.5,1262,0.0,Programmatic,Not Specified,Display
2023-08-13,Amazon,Not Specified,0.42,601362.0,1110,0.0,FEP,Not Specified,Display
2023-08-13,CBS,Not Specified,0.13,1785321.5,85,0.0,FEP,Not Specified,Display
2023-08-13,CWTV,Not Specified,0.18,454593.0,177,0.0,FEP,Not Specified,Display
2023-08-13,DV360,Not Specified,2.45,8099125.5,2279,0.0,Programmatic,Not Specified,Display
2023-08-13,Discovery,Not Specified,0.18,699046.0,18,0.0,FEP,Not Specified,Display
2023-08-13,Facebook/Instagram,android_smartphone,22605.18,7785379.0,8648,9657422.18,Not Specified,Demo-Only,Social
2023-08-13,Facebook/Instagram,android_tablet,141.02,48583.0,65,9657422.18,Not Specified,Demo-Only,Social
2023-08-13,Facebook/Instagram,desktop,454.28,158502.0,85,9657422.18,Not Specified,Demo-Only,Social
2023-08-13,Facebook/Instagram,ipad,660.74,227341.0,180,9657422.18,Not Specified,Demo-Only,Social
2023-08-13,Facebook/Instagram,iphone,80628.16,27913143.0,27915,9657422.18,Not Specified,Demo-Only,Social
2023-08-13,Facebook/Instagram,ipod,8.790000000000001,3062.0,1,9657422.18,Not Specified,Demo-Only,Social
2023-08-13,Facebook/Instagram,other,4.57,1568.0,2,9657422.18,Not Specified,Demo-Only,Social
2023-08-13,Hulu,Not Specified,0.12,425122.0,31,0.0,FEP,Not Specified,Display
2023-08-13,NBCU,Not Specified,0.12,1071960.0,392,0.0,FEP,Not Specified,Display
2023-08-13,Not Specified,Not Specified,253272.09,1.0,0,9657422.18,Not Specified,Not Specified,TV
2023-08-13,Pinterest,Unknown Device Category,69800.49,19175647.0,21926,9657422.18,Not Specified,Demo & Interests,Social
2023-08-13,Roku,Not Specified,0.36,1444295.0,389,0.0,FEP,Not Specified,Display
2023-08-13,The Trade Desk,Not Specified,9.8,11727004.0,15809,0.0,Programmatic,Not Specified,Display
2023-08-13,TikTok,Unknown Device Category,43301.83,11977988.0,18801,9657422.18,Not Specified,Demo-Only,Social
2023-08-13,YouTube,Not Specified,1.45,2139131.5,1285,0.0,FEP,Not Specified,Display
2023-08-20,Amazon,Not Specified,0.42,522016.0,964,0.0,FEP,Not Specified,Display
2023-08-20,CBS,Not Specified,0.14,1678665.0,109,0.0,FEP,Not Specified,Display
2023-08-20,CWTV,Not Specified,0.21,412745.5,192,0.0,FEP,Not Specified,Display
2023-08-20,DV360,Not Specified,2.45,8068849.5,2240,0.0,Programmatic,Not Specified,Display
2023-08-20,Discovery,Not Specified,0.21,730839.0,21,0.0,FEP,Not Specified,Display
2023-08-20,Facebook/Instagram,android_smartphone,22619.99,7531194.0,8379,9784954.04,Not Specified,Demo-Only,Social
2023-08-20,Facebook/Instagram,android_tablet,137.46,46438.0,52,9784954.04,Not Specified,Demo-Only,Social
2023-08-20,Facebook/Instagram,desktop,455.71,153487.0,77,9784954.04,Not Specified,Demo-Only,Social
2023-08-20,Facebook/Instagram,ipad,659.29,219171.0,178,9784954.04,Not Specified,Demo-Only,Social
2023-08-20,Facebook/Instagram,iphone,80276.14,26848178.0,27041,9784954.04,Not Specified,Demo-Only,Social
2023-08-20,Facebook/Instagram,ipod,8.879999999999999,2898.0,2,9784954.04,Not Specified,Demo-Only,Social
2023-08-20,Facebook/Instagram,other,5.45,1725.0,0,9784954.04,Not Specified,Demo-Only,Social
2023-08-20,Hulu,Not Specified,0.14,378068.0,37,0.0,FEP,Not Specified,Display
2023-08-20,NBCU,Not Specified,0.14,994545.0,335,0.0,FEP,Not Specified,Display
2023-08-20,Not Specified,Not Specified,253272.09,1.0,0,9784954.04,Not Specified,Not Specified,TV
2023-08-20,Pinterest,Unknown Device Category,69846.7,18202630.0,20942,9784954.04,Not Specified,Demo & Interests,Social
2023-08-20,Roku,Not Specified,0.42,1190459.0,327,0.0,FEP,Not Specified,Display
2023-08-20,The Trade Desk,Not Specified,9.81,10258205.0,11781,0.0,Programmatic,Not Specified,Display
2023-08-20,TikTok,Unknown Device Category,40958.57,11623906.0,16932,9784954.04,Not Specified,Demo-Only,Social
2023-08-20,YouTube,Not Specified,1.47,2197586.5,1230,0.0,Programmatic,Not Specified,Display
2023-08-27,Amazon,Not Specified,0.23,98093.0,182,0.0,FEP,Not Specified,Display
2023-08-27,CBS,Not Specified,0.04,230434.5,31,0.0,FEP,Not Specified,Display
2023-08-27,CWTV,Not Specified,0.05,44366.5,39,0.0,FEP,Not Specified,Display
2023-08-27,DV360,Not Specified,2.45,8125886.5,2134,0.0,Programmatic,Not Specified,Display
2023-08-27,Discovery,Not Specified,0.03,81264.0,3,0.0,FEP,Not Specified,Display
2023-08-27,Facebook/Instagram,android_smartphone,2917.24,996993.0,1118,9617517.61,Not Specified,Demo-Only,Social
2023-08-27,Facebook/Instagram,android_tablet,17.3,6051.0,4,9617517.61,Not Specified,Demo-Only,Social
2023-08-27,Facebook/Instagram,desktop,49.08,16709.0,7,9617517.61,Not Specified,Demo-Only,Social
2023-08-27,Facebook/Instagram,ipad,85.31,28983.0,15,9617517.61,Not Specified,Demo-Only,Social
2023-08-27,Facebook/Instagram,iphone,10983.84,3715903.0,3726,9617517.61,Not Specified,Demo-Only,Social
2023-08-27,Facebook/Instagram,ipod,1.02,341.0,0,9617517.61,Not Specified,Demo-Only,Social
2023-08-27,Facebook/Instagram,other,1.1199999999999999,396.0,0,9617517.61,Not Specified,Demo-Only,Social
2023-08-27,Hulu,Not Specified,0.04,54047.0,4,0.0,FEP,Not Specified,Display
2023-08-27,NBCU,Not Specified,0.04,94751.0,65,0.0,FEP,Not Specified,Display
2023-08-27,Pinterest,Unknown Device Category,55445.9,13622459.0,15230,9617517.61,Not Specified,Demo & Interests,Social
2023-08-27,Roku,Not Specified,0.06,87742.0,24,0.0,FEP,Not Specified,Display
2023-08-27,The Trade Desk,Not Specified,9.81,9786911.0,10578,0.0,Programmatic,Not Specified,Display
2023-08-27,TikTok,Unknown Device Category,39573.76,13269485.0,20351,9617517.61,Not Specified,Demo-Only,Social
2023-08-27,YouTube,Not Specified,1.35,2848148.5,2389,0.0,Programmatic,Not Specified,Display
2023-09-03,Amazon,Not Specified,0.14,15.0,0,0.0,FEP,Not Specified,Display
2023-09-03,DV360,Not Specified,2.45,8227551.5,2058,0.0,Programmatic,Not Specified,Display
2023-09-03,Pinterest,Unknown Device Category,116519.53,24131101.0,26088,9369941.3,Not Specified,Keyword,Social
2023-09-03,The Trade Desk,Not Specified,9.8,9385034.0,10323,0.0,Programmatic,Not Specified,Display
2023-09-03,TikTok,Unknown Device Category,35079.46,12423742.0,18891,9369941.3,Not Specified,Demo-Only,Social
2023-09-03,YouTube,Not Specified,1.33,4260908.5,4370,0.0,Programmatic,Not Specified,Display
2023-09-10,Amazon,Not Specified,0.14,585643.0,1081,0.0,FEP,Not Specified,Display
2023-09-10,CBS,Not Specified,0.14,1826928.0,84,0.0,FEP,Not Specified,Display
2023-09-10,CWTV,Not Specified,0.18,482801.0,207,0.0,FEP,Not Specified,Display
2023-09-10,DV360,Not Specified,2.45,8294328.5,2234,0.0,Programmatic,Not Specified,Display
2023-09-10,Discovery,Not Specified,0.18,698329.0,18,0.0,FEP,Not Specified,Display
2023-09-10,Facebook/Instagram,android_smartphone,20659.12,7568793.0,7597,9491445.2,Not Specified,Demo-Only,Social
2023-09-10,Facebook/Instagram,android_tablet,187.02,63570.0,101,9491445.2,Not Specified,Demo-Only,Social
2023-09-10,Facebook/Instagram,desktop,609.89,178521.0,93,9491445.2,Not Specified,Demo-Only,Social
2023-09-10,Facebook/Instagram,ipad,806.3,281412.0,216,9491445.2,Not Specified,Demo-Only,Social
2023-09-10,Facebook/Instagram,iphone,57990.26,22988581.0,19889,9491445.2,Not Specified,Demo-Only,Social
2023-09-10,Facebook/Instagram,ipod,14.83,5773.0,8,9491445.2,Not Specified,Demo-Only,Social
2023-09-10,Facebook/Instagram,other,3.18,1127.0,1,9491445.2,Not Specified,Demo-Only,Social
2023-09-10,Hulu,Not Specified,0.12,392056.0,36,0.0,FEP,Not Specified,Display
2023-09-10,NBCU,Not Specified,0.12,1134042.0,191,0.0,FEP,Not Specified,Display
2023-09-10,Pinterest,Unknown Device Category,174903.23,29956201.0,34754,9491445.2,Not Specified,Demo & Interests,Social
2023-09-10,Roku,Not Specified,0.36,1399451.0,375,0.0,FEP,Not Specified,Display
2023-09-10,The Trade Desk,Not Specified,9.24,4834975.0,5060,0.0,Programmatic,Not Specified,Display
2023-09-10,TikTok,Unknown Device Category,35829.46,11404102.0,15837,9491445.2,Not Specified,Demo-Only,Social
2023-09-10,YouTube,Not Specified,1.45,5165701.5,5344,0.0,Programmatic,Not Specified,Display
2023-09-17,Amazon,Not Specified,0.14,497786.0,920,0.0,FEP,Not Specified,Display
2023-09-17,CBS,Not Specified,0.14,1703033.0,152,0.0,FEP,Not Specified,Display
2023-09-17,CWTV,Not Specified,0.21,405638.5,184,0.0,FEP,Not Specified,Display
2023-09-17,DV360,Not Specified,2.45,7948954.5,2099,0.0,Programmatic,Not Specified,Display
2023-09-17,Discovery,Not Specified,0.21,733189.0,21,0.0,FEP,Not Specified,Display
2023-09-17,Facebook/Instagram,android_smartphone,32940.39,9960872.0,11134,9498652.67,Not Specified,Demo-Only,Social
2023-09-17,Facebook/Instagram,android_tablet,298.84,80201.0,132,9498652.67,Not Specified,Demo-Only,Social
2023-09-17,Facebook/Instagram,desktop,1337.64,283848.0,124,9498652.67,Not Specified,Demo-Only,Social
2023-09-17,Facebook/Instagram,ipad,1269.67,353735.0,288,9498652.67,Not Specified,Demo-Only,Social
2023-09-17,Facebook/Instagram,iphone,86661.45,29114209.0,28168,9498652.67,Not Specified,Demo-Only,Social
2023-09-17,Facebook/Instagram,ipod,21.9,6796.0,10,9498652.67,Not Specified,Demo-Only,Social
2023-09-17,Facebook/Instagram,other,5.97,1882.0,0,9498652.67,Not Specified,Demo-Only,Social
2023-09-17,Hulu,Not Specified,0.14,431843.0,47,0.0,FEP,Not Specified,Display
2023-09-17,NBCU,Not Specified,0.14,899258.0,262,0.0,FEP,Not Specified,Display
2023-09-17,Pinterest,Unknown Device Category,134238.03,29775615.0,29863,9498652.67,Not Specified,Demo & Keywords,Social
2023-09-17,Roku,Not Specified,0.42,1149396.0,312,0.0,FEP,Not Specified,Display
2023-09-17,The Trade Desk,Not Specified,9.01,4195669.0,4736,0.0,Programmatic,Not Specified,Display
2023-09-17,TikTok,Unknown Device Category,37253.08,10743007.0,15011,9498652.67,Not Specified,Demo-Only,Social
2023-09-17,YouTube,Not Specified,1.47,5593537.5,5805,0.0,FEP,Not Specified,Display
2023-09-24,Amazon,Not Specified,0.06,514912.0,951,0.0,FEP,Not Specified,Display
2023-09-24,CBS,Not Specified,0.03,228196.5,18,0.0,FEP,Not Specified,Display
2023-09-24,CWTV,Not Specified,0.05,27679.5,31,0.0,FEP,Not Specified,Display
2023-09-24,DV360,Not Specified,2.45,4491760.5,1042,0.0,Programmatic,Not Specified,Display
2023-09-24,Discovery,Not Specified,0.03,80600.0,3,0.0,FEP,Not Specified,Display
2023-09-24,Facebook/Instagram,android_smartphone,25913.0,8021071.0,8035,9242692.89,Not Specified,Demo-Only,Social
2023-09-24,Facebook/Instagram,android_tablet,245.18,69006.0,95,9242692.89,Not Specified,Demo-Only,Social
2023-09-24,Facebook/Instagram,desktop,1019.12,249751.0,116,9242692.89,Not Specified,Demo-Only,Social
2023-09-24,Facebook/Instagram,ipad,1038.8700000000001,292871.0,234,9242692.89,Not Specified,Demo-Only,Social
2023-09-24,Facebook/Instagram,iphone,64002.25,21389741.0,19184,9242692.89,Not Specified,Demo-Only,Social
2023-09-24,Facebook/Instagram,ipod,18.25,5757.0,4,9242692.89,Not Specified,Demo-Only,Social
2023-09-24,Facebook/Instagram,other,3.5,1180.0,2,9242692.89,Not Specified,Demo-Only,Social
2023-09-24,Hulu,Not Specified,0.04,64149.0,8,0.0,FEP,Not Specified,Display
2023-09-24,NBCU,Not Specified,0.06,92632.0,29,0.0,FEP,Not Specified,Display
2023-09-24,Pinterest,Unknown Device Category,53781.85,13579909.0,12138,9242692.89,Not Specified,Demo & Keywords,Social
2023-09-24,Roku,Not Specified,0.06,77070.0,20,0.0,FEP,Not Specified,Display
2023-09-24,The Trade Desk,Not Specified,9.17,3810881.0,5056,0.0,Programmatic,Not Specified,Display
2023-09-24,TikTok,Unknown Device Category,26704.41,8273701.0,10419,9242692.89,Not Specified,Demo-Only,Social
2023-09-24,YouTube,Not Specified,1.37,4704157.5,5139,0.0,Programmatic,Not Specified,Display
2023-10-01,DV360,Not Specified,2.45,3965332.5,703,0.0,Programmatic,Not Specified,Display
2023-10-01,Facebook/Instagram,android_smartphone,25736.7,8759730.0,9149,9080428.22,Not Specified,Demo-Only,Social
2023-10-01,Facebook/Instagram,android_tablet,246.23,77250.0,134,9080428.22,Not Specified,Demo-Only,Social
2023-10-01,Facebook/Instagram,desktop,1011.47,282137.0,133,9080428.22,Not Specified,Demo-Only,Social
2023-10-01,Facebook/Instagram,ipad,1021.36,318077.0,266,9080428.22,Not Specified,Demo-Only,Social
2023-10-01,Facebook/Instagram,iphone,63435.14,23561788.0,21380,9080428.22,Not Specified,Demo-Only,Social
2023-10-01,Facebook/Instagram,ipod,18.84,6375.0,4,9080428.22,Not Specified,Demo-Only,Social
2023-10-01,Facebook/Instagram,other,2.91,1177.0,2,9080428.22,Not Specified,Demo-Only,Social
2023-10-01,Pinterest,Unknown Device Category,44386.91,14921760.0,12793,9080428.22,Not Specified,Demo & Interests,Social
2023-10-01,The Trade Desk,Not Specified,7.890000000000001,3590672.0,4375,0.0,Programmatic,Not Specified,Display
2023-10-01,TikTok,Unknown Device Category,27540.95,9435532.0,11078,9080428.22,Not Specified,Demo-Only,Social
2023-10-01,YouTube,Not Specified,1.33,2723253.5,2376,0.0,Programmatic,Not Specified,Display
2023-10-08,DV360,Not Specified,2.45,3907058.5,709,0.0,Programmatic,Not Specified,Display
2023-10-08,Facebook/Instagram,android_smartphone,15043.3,4980407.0,4547,9365765.46,Not Specified,Demo-Only,Social
2023-10-08,Facebook/Instagram,android_tablet,156.63,48614.0,61,9365765.46,Not Specified,Demo-Only,Social
2023-10-08,Facebook/Instagram,desktop,637.84,154333.0,77,9365765.46,Not Specified,Demo-Only,Social
2023-10-08,Facebook/Instagram,ipad,660.0600000000001,202968.0,155,9365765.46,Not Specified,Demo-Only,Social
2023-10-08,Facebook/Instagram,iphone,42105.27,16124680.0,12059,9365765.46,Not Specified,Demo-Only,Social
2023-10-08,Facebook/Instagram,ipod,12.27,4282.0,1,9365765.46,Not Specified,Demo-Only,Social
2023-10-08,Facebook/Instagram,other,1.83,733.0,0,9365765.46,Not Specified,Demo-Only,Social
2023-10-08,NBCU,Not Specified,0.01,1.0,0,0.0,FEP,Not Specified,Display
2023-10-08,Pinterest,Unknown Device Category,7934.31,2597187.0,2308,9365765.46,Not Specified,Demo & Interests,Social
2023-10-08,The Trade Desk,Not Specified,7.62,3849277.0,4340,0.0,Programmatic,Not Specified,Display
2023-10-08,TikTok,Unknown Device Category,16840.489999999998,5956481.0,7666,9365765.46,Not Specified,Demo-Only,Social
2023-10-08,YouTube,Not Specified,1.33,2639007.5,2151,0.0,Programmatic,Not Specified,Display
2023-10-15,DV360,Not Specified,2.45,3812113.5,702,0.0,Programmatic,Not Specified,Display
2023-10-15,Facebook/Instagram,android_smartphone,20612.12,6491647.0,6109,9260956.15,Not Specified,Demo-Only,Social
2023-10-15,Facebook/Instagram,android_tablet,198.06,56570.0,95,9260956.15,Not Specified,Demo-Only,Social
2023-10-15,Facebook/Instagram,desktop,578.53,143372.0,76,9260956.15,Not Specified,Demo-Only,Social
2023-10-15,Facebook/Instagram,ipad,908.95,253061.0,181,9260956.15,Not Specified,Demo-Only,Social
2023-10-15,Facebook/Instagram,iphone,56157.6,19566758.0,16448,9260956.15,Not Specified,Demo-Only,Social
2023-10-15,Facebook/Instagram,ipod,15.64,5081.0,3,9260956.15,Not Specified,Demo-Only,Social
2023-10-15,Facebook/Instagram,other,1.99,751.0,0,9260956.15,Not Specified,Demo-Only,Social
2023-10-15,Pinterest,Unknown Device Category,22050.05,6814053.0,5148,9260956.15,Not Specified,Demo & Keywords,Social
2023-10-15,The Trade Desk,Not Specified,7.8100000000000005,3684145.0,4063,0.0,Programmatic,Not Specified,Display
2023-10-15,TikTok,Unknown Device Category,12914.15,5178977.0,6855,9260956.15,Not Specified,Demo-Only,Social
2023-10-15,YouTube,Not Specified,1.33,2545480.5,2099,0.0,Programmatic,Not Specified,Display
2023-10-22,DV360,Not Specified,2.45,3668985.5,679,0.0,Programmatic,Not Specified,Display
2023-10-22,Facebook/Instagram,android_smartphone,31911.010000000002,8363429.0,8921,9117107.37,Not Specified,Demo-Only,Social
2023-10-22,Facebook/Instagram,android_tablet,303.71999999999997,68137.0,116,9117107.37,Not Specified,Demo-Only,Social
2023-10-22,Facebook/Instagram,desktop,1432.03,303899.0,151,9117107.37,Not Specified,Demo-Only,Social
2023-10-22,Facebook/Instagram,ipad,1203.12,273921.0,198,9117107.37,Not Specified,Demo-Only,Social
2023-10-22,Facebook/Instagram,iphone,69670.08,19864230.0,18180,9117107.37,Not Specified,Demo-Only,Social
2023-10-22,Facebook/Instagram,ipod,20.11,5027.0,4,9117107.37,Not Specified,Demo-Only,Social
2023-10-22,Facebook/Instagram,other,3.65,1161.0,2,9117107.37,Not Specified,Demo-Only,Social
2023-10-22,Pinterest,Unknown Device Category,25933.54,7904507.0,5776,9117107.37,Not Specified,Demo & Keywords,Social
2023-10-22,The Trade Desk,Not Specified,7.8,3628853.0,3756,0.0,Programmatic,Not Specified,Display
2023-10-22,TikTok,Unknown Device Category,25160.16,8725724.0,11150,9117107.37,Not Specified,Demo-Only,Social
2023-10-22,YouTube,Not Specified,1.33,2433523.5,1915,0.0,Programmatic,Not Specified,Display
2023-10-29,Amazon,Not Specified,0.23,3179774.0,5142,0.0,Direct,Not Specified,Display
2023-10-29,DV360,Not Specified,2.45,4711325.5,1004,0.0,Programmatic,Not Specified,Display
2023-10-29,Facebook/Instagram,android_smartphone,30113.08,7964971.0,8537,8803997.44,Not Specified,Demo-Only,Social
2023-10-29,Facebook/Instagram,android_tablet,299.35,69092.0,126,8803997.44,Not Specified,Demo-Only,Social
2023-10-29,Facebook/Instagram,desktop,1551.35,322797.0,152,8803997.44,Not Specified,Demo-Only,Social
2023-10-29,Facebook/Instagram,ipad,1203.71,283315.0,238,8803997.44,Not Specified,Demo-Only,Social
2023-10-29,Facebook/Instagram,iphone,71950.3,21536603.0,18510,8803997.44,Not Specified,Demo-Only,Social
2023-10-29,Facebook/Instagram,ipod,19.53,5126.0,5,8803997.44,Not Specified,Demo-Only,Social
2023-10-29,Facebook/Instagram,other,5.46,1674.0,1,8803997.44,Not Specified,Demo-Only,Social
2023-10-29,Pinterest,Unknown Device Category,26107.92,7752298.0,5593,8803997.44,Not Specified,Demo & Keywords,Social
2023-10-29,The Trade Desk,Not Specified,8.23,3242732.0,3383,0.0,Programmatic,Not Specified,Display
2023-10-29,TikTok,Unknown Device Category,50285.48,15894385.0,18044,8803997.44,Not Specified,Demo-Only,Social
2023-10-29,YouTube,Not Specified,1.33,2316350.5,1887,0.0,Programmatic,Not Specified,Display
2023-11-05,Amazon,Not Specified,0.42,5139316.0,9495,0.0,FEP,Not Specified,Display
2023-11-05,DV360,Not Specified,1.37,3087769.5,550,0.0,Programmatic,Not Specified,Display
2023-11-05,Facebook/Instagram,android_smartphone,12770.35,4222411.0,3237,9105374.03,Not Specified,Demo-Only,Social
2023-11-05,Facebook/Instagram,android_tablet,121.49,36423.0,36,9105374.03,Not Specified,Demo-Only,Social
2023-11-05,Facebook/Instagram,desktop,381.06,92591.0,40,9105374.03,Not Specified,Demo-Only,Social
2023-11-05,Facebook/Instagram,ipad,463.01,140586.0,89,9105374.03,Not Specified,Demo-Only,Social
2023-11-05,Facebook/Instagram,iphone,35920.78,12622848.0,8165,9105374.03,Not Specified,Demo-Only,Social
2023-11-05,Facebook/Instagram,ipod,6.17,1907.0,2,9105374.03,Not Specified,Demo-Only,Social
2023-11-05,Facebook/Instagram,other,2.8,929.0,0,9105374.03,Not Specified,Demo-Only,Social
2023-11-05,Pinterest,Unknown Device Category,5439.42,1696120.0,1310,9105374.03,Not Specified,Demo & Interests,Social
2023-11-05,The Trade Desk,Not Specified,7.2700000000000005,2592021.0,2440,0.0,Programmatic,Not Specified,Display
2023-11-05,TikTok,Unknown Device Category,9483.289999999999,3042337.0,3690,9105374.03,Not Specified,Demo-Only,Social
2023-11-05,YouTube,Not Specified,1.33,2007284.5,1513,0.0,Programmatic,Not Specified,Display
2023-11-12,Amazon,Not Specified,0.38,6258835.0,11558,0.0,Direct,Not Specified,Display
2023-11-12,DV360,Not Specified,1.19,2837138.5,476,0.0,Programmatic,Not Specified,Display
2023-11-12,Facebook/Instagram,android_smartphone,9839.380000000001,3517209.0,2350,9427325.5,Not Specified,Demo-Only,Social
2023-11-12,Facebook/Instagram,android_tablet,80.24000000000001,29158.0,24,9427325.5,Not Specified,Demo-Only,Social
2023-11-12,Facebook/Instagram,desktop,142.23,50836.0,24,9427325.5,Not Specified,Demo-Only,Social
2023-11-12,Facebook/Instagram,ipad,296.13,107154.0,64,9427325.5,Not Specified,Demo-Only,Social
2023-11-12,Facebook/Instagram,iphone,29314.54,10534248.0,5823,9427325.5,Not Specified,Demo-Only,Social
2023-11-12,Facebook/Instagram,ipod,3.82,1310.0,0,9427325.5,Not Specified,Demo-Only,Social
2023-11-12,Facebook/Instagram,other,2.24,786.0,0,9427325.5,Not Specified,Demo-Only,Social
2023-11-12,Pinterest,Unknown Device Category,6517.24,2070285.0,1532,9427325.5,Not Specified,Demo & Interests,Social
2023-11-12,The Trade Desk,Not Specified,1.47,283404.0,265,0.0,Programmatic,Not Specified,Display
2023-11-12,YouTube,Not Specified,0.22,242915.0,146,0.0,Programmatic,Not Specified,Display
2023-11-19,Amazon,Not Specified,0.28,5926659.0,10947,0.0,FEP,Not Specified,Display
2023-11-19,DV360,Not Specified,1.19,2837138.5,476,0.0,Programmatic,Not Specified,Display
2023-11-19,Facebook/Instagram,android_smartphone,10428.24,3442424.0,2252,9136433.41,Not Specified,Demo-Only,Social
2023-11-19,Facebook/Instagram,android_tablet,89.65,29753.0,22,9136433.41,Not Specified,Demo-Only,Social
2023-11-19,Facebook/Instagram,desktop,130.97,43168.0,22,9136433.41,Not Specified,Demo-Only,Social
2023-11-19,Facebook/Instagram,ipad,293.88,99041.0,59,9136433.41,Not Specified,Demo-Only,Social
2023-11-19,Facebook/Instagram,iphone,28982.18,9689854.0,5186,9136433.41,Not Specified,Demo-Only,Social
2023-11-19,Facebook/Instagram,ipod,4.13,1288.0,0,9136433.41,Not Specified,Demo-Only,Social
2023-11-19,Facebook/Instagram,other,2.5700000000000003,801.0,0,9136433.41,Not Specified,Demo-Only,Social
2023-11-19,Pinterest,Unknown Device Category,13971.01,4504053.0,3419,9136433.41,Not Specified,Demo & Interests,Social
2023-11-19,The Trade Desk,Not Specified,0.27,27.0,0,0.0,Programmatic,Not Specified,Display
2023-11-26,Amazon,Not Specified,0.28,6083607.0,11237,0.0,FEP,Not Specified,Display
2023-11-26,DV360,Not Specified,2.09,4654553.5,974,0.0,Programmatic,Not Specified,Display
2023-11-26,Facebook/Instagram,android_smartphone,52532.53,15199725.0,13083,7388082.66,Not Specified,Demo-Only,Social
2023-11-26,Facebook/Instagram,android_tablet,350.18,102429.0,88,7388082.66,Not Specified,Demo-Only,Social
2023-11-26,Facebook/Instagram,desktop,799.23,226663.0,88,7388082.66,Not Specified,Demo-Only,Social
2023-11-26,Facebook/Instagram,ipad,1306.48,375219.0,251,7388082.66,Not Specified,Demo-Only,Social
2023-11-26,Facebook/Instagram,iphone,165476.67,47651309.0,37792,7388082.66,Not Specified,Demo-Only,Social
2023-11-26,Facebook/Instagram,ipod,16.07,4869.0,0,7388082.66,Not Specified,Demo-Only,Social
2023-11-26,Facebook/Instagram,other,10.25,2874.0,1,7388082.66,Not Specified,Demo-Only,Social
2023-11-26,Pinterest,Unknown Device Category,13835.14,4668128.0,3329,7388082.66,Not Specified,Demo & Interests,Social
2023-11-26,The Trade Desk,Not Specified,0.26,26.0,0,0.0,Programmatic,Not Specified,Display
2023-11-26,TikTok,Unknown Device Category,117029.23,31717201.0,37416,7388082.66,Not Specified,Demo-Only,Social
2023-12-03,Amazon,Not Specified,0.28,5223868.0,9650,0.0,FEP,Not Specified,Display
2023-12-03,DV360,Not Specified,2.45,6234926.5,1420,0.0,Programmatic,Not Specified,Display
2023-12-03,Facebook/Instagram,android_smartphone,92313.98,25262603.0,22385,8667180.32,Not Specified,Demo-Only,Social
2023-12-03,Facebook/Instagram,android_tablet,623.85,171663.0,146,8667180.32,Not Specified,Demo-Only,Social
2023-12-03,Facebook/Instagram,desktop,1331.66,357606.0,147,8667180.32,Not Specified,Demo-Only,Social
2023-12-03,Facebook/Instagram,ipad,2253.31,611312.0,405,8667180.32,Not Specified,Demo-Only,Social
2023-12-03,Facebook/Instagram,iphone,287321.48,78709752.0,64635,8667180.32,Not Specified,Demo-Only,Social
2023-12-03,Facebook/Instagram,ipod,29.3,7825.0,4,8667180.32,Not Specified,Demo-Only,Social
2023-12-03,Facebook/Instagram,other,16.98,4508.0,2,8667180.32,Not Specified,Demo-Only,Social
2023-12-03,Pinterest,Unknown Device Category,3284.4500000000003,1108882.0,888,8667180.32,Not Specified,Interest,Social
2023-12-03,The Trade Desk,Not Specified,0.36,38.0,11,0.0,Programmatic,Not Specified,Display
2023-12-03,TikTok,Unknown Device Category,180950.07,46059731.0,59265,8667180.32,Not Specified,Demo-Only,Social
2023-12-10,Amazon,Not Specified,0.29,6378862.0,11782,0.0,FEP,Not Specified,Display
2023-12-10,CWTV,Not Specified,0.02,5.0,0,0.0,FEP,Not Specified,Display
2023-12-10,DV360,Not Specified,2.45,6071000.5,1530,0.0,Programmatic,Not Specified,Display
2023-12-10,Disney,Not Specified,0.01,8321.0,2,0.0,FEP,Not Specified,Display
2023-12-10,Facebook/Instagram,android_smartphone,91296.7,24570756.0,23481,9272918.99,Not Specified,Demo-Only,Social
2023-12-10,Facebook/Instagram,android_tablet,596.42,160647.0,155,9272918.99,Not Specified,Demo-Only,Social
2023-12-10,Facebook/Instagram,desktop,1913.69,515193.0,165,9272918.99,Not Specified,Demo-Only,Social
2023-12-10,Facebook/Instagram,ipad,2300.29,621057.0,407,9272918.99,Not Specified,Demo-Only,Social
2023-12-10,Facebook/Instagram,iphone,282607.7,76006432.0,65883,9272918.99,Not Specified,Demo-Only,Social
2023-12-10,Facebook/Instagram,ipod,27.64,7415.0,2,9272918.99,Not Specified,Demo-Only,Social
2023-12-10,Facebook/Instagram,other,16.68,4421.0,5,9272918.99,Not Specified,Demo-Only,Social
2023-12-10,Pinterest,Unknown Device Category,2046.7300000000002,646359.0,539,9272918.99,Not Specified,Demo & Interests,Social
2023-12-10,Roku,Not Specified,0.01,14737.0,3,0.0,FEP,Not Specified,Display
2023-12-10,The Trade Desk,Not Specified,0.27,28.0,5,0.0,Programmatic,Not Specified,Display
2023-12-10,TikTok,Unknown Device Category,179335.44,39156129.0,57342,9272918.99,Not Specified,Demo-Only,Social
2023-12-17,Amazon,Not Specified,0.28,6513843.0,12034,0.0,Direct,Not Specified,Display
2023-12-17,DV360,Not Specified,2.57,6182370.5,1123,0.0,Programmatic,Not Specified,Display
2023-12-17,Facebook/Instagram,android_smartphone,67312.5,20122000.0,16603,8856134.26,Not Specified,Demo-Only,Social
2023-12-17,Facebook/Instagram,android_tablet,446.78,135144.0,121,8856134.26,Not Specified,Demo-Only,Social
2023-12-17,Facebook/Instagram,desktop,1298.8600000000001,386119.0,174,8856134.26,Not Specified,Demo-Only,Social
2023-12-17,Facebook/Instagram,ipad,1678.05,498799.0,298,8856134.26,Not Specified,Demo-Only,Social
2023-12-17,Facebook/Instagram,iphone,204266.51,60827436.0,46398,8856134.26,Not Specified,Demo-Only,Social
2023-12-17,Facebook/Instagram,ipod,19.39,5827.0,1,8856134.26,Not Specified,Demo-Only,Social
2023-12-17,Facebook/Instagram,other,9.33,3088.0,5,8856134.26,Not Specified,Demo-Only,Social
2023-12-17,Hulu,Not Specified,0.01,1.0,0,0.0,FEP,Not Specified,Display
2023-12-17,Pinterest,Unknown Device Category,1879.65,593595.0,495,8856134.26,Not Specified,Interest,Social
2023-12-17,Roku,Not Specified,0.04,4.0,0,0.0,FEP,Not Specified,Display
2023-12-17,The Trade Desk,Not Specified,0.42,48.0,6,0.0,Programmatic,Not Specified,Display
2023-12-17,TikTok,Unknown Device Category,174057.31,38435586.0,58571,8856134.26,Not Specified,Demo-Only,Social
2023-12-24,Amazon,Not Specified,0.34,3078728.0,5687,0.0,Direct,Not Specified,Display
2023-12-24,DV360,Not Specified,2.45,5316009.5,938,0.0,Programmatic,Not Specified,Display
2023-12-24,Facebook/Instagram,android_smartphone,6637.93,2417099.0,2065,8393371.77,Not Specified,Demo-Only,Social
2023-12-24,Facebook/Instagram,android_tablet,39.23,14913.0,17,8393371.77,Not Specified,Demo-Only,Social
2023-12-24,Facebook/Instagram,desktop,111.47,38791.0,12,8393371.77,Not Specified,Demo-Only,Social
2023-12-24,Facebook/Instagram,ipad,160.03,57616.0,52,8393371.77,Not Specified,Demo-Only,Social
2023-12-24,Facebook/Instagram,iphone,19769.89,7091143.0,5188,8393371.77,Not Specified,Demo-Only,Social
2023-12-24,Facebook/Instagram,ipod,1.54,582.0,0,8393371.77,Not Specified,Demo-Only,Social
2023-12-24,Facebook/Instagram,other,0.93,389.0,1,8393371.77,Not Specified,Demo-Only,Social
2023-12-24,Pinterest,Unknown Device Category,1754.3400000000001,554022.0,462,8393371.77,Not Specified,Demo & Interests,Social
2023-12-24,The Trade Desk,Not Specified,0.3,30.0,7,0.0,Programmatic,Not Specified,Display
2023-12-24,TikTok,Unknown Device Category,23579.75,5436525.0,8698,8393371.77,Not Specified,Demo-Only,Social
2023-12-31,Amazon,Not Specified,0.25,2020359.0,3731,0.0,Direct,Not Specified,Display
2023-12-31,CBS,Not Specified,0.13,1065877.5,568,0.0,FEP,Not Specified,Display
2023-12-31,CWTV,Not Specified,0.12,264532.0,644,0.0,FEP,Not Specified,Display
2023-12-31,Cable,Not Specified,84017.0,2.0,0,7578936.55,Not Specified,Not Specified,TV
2023-12-31,DV360,Not Specified,2.12,7603651.0,1079,0.0,Programmatic,Not Specified,Display
2023-12-31,Disney,Not Specified,0.35000000000000003,678653.0,167,0.0,FEP,Not Specified,Display
2023-12-31,Forums,Not Specified,0.0,0.0,0,7578936.55,Not Specified,Not Specified,Brandwatch
2023-12-31,Hulu,Not Specified,0.12,417866.0,36,0.0,FEP,Not Specified,Display
2023-12-31,Instagram,Not Specified,0.0,0.0,0,7578936.55,Not Specified,Not Specified,Infegy
2023-12-31,NET,Not Specified,12549.0,1.0,0,7578936.55,Not Specified,Not Specified,TV
2023-12-31,Pinterest,Unknown Device Category,1879.65,593595.0,495,7578936.55,Not Specified,Demo & Interests,Social
2023-12-31,Review,Not Specified,0.0,0.0,0,7578936.55,Not Specified,Not Specified,Brandwatch
2023-12-31,Roku,Not Specified,0.24,769882.0,209,0.0,FEP,Not Specified,Display
2023-12-31,SYND,Not Specified,4228.0,1.0,0,7578936.55,Not Specified,Not Specified,TV
2023-12-31,The Trade Desk,Not Specified,3.72,3313813.0,3599,0.0,Programmatic,Not Specified,Display
2023-12-31,Tumblr,Not Specified,0.0,0.0,0,7578936.55,Not Specified,Not Specified,Brandwatch
2023-12-31,X,Not Specified,0.0,4992.0,0,7578936.55,Not Specified,Not Specified,Brandwatch
2024-01-07,Amazon,Not Specified,0.15,1817000.0,3356,0.0,Direct,Not Specified,Display
2024-01-07,CBS,Not Specified,0.14,698393.0,315,0.0,FEP,Not Specified,Display
2024-01-07,CWTV,Not Specified,0.14,247325.0,664,0.0,FEP,Not Specified,Display
2024-01-07,Cable,Not Specified,147377.0,2.0,0,9772220.36,Not Specified,Not Specified,TV
2024-01-07,DV360,Not Specified,2.52,7773783.0,925,0.0,Programmatic,Not Specified,Display
2024-01-07,Disney,Not Specified,0.42,574543.0,154,0.0,FEP,Not Specified,Display
2024-01-07,Facebook/Instagram,android_smartphone,14568.289999999999,7658636.0,4331,9772220.36,Not Specified,Demo-Only,Social
2024-01-07,Facebook/Instagram,android_tablet,86.28,44776.0,40,9772220.36,Not Specified,Demo-Only,Social
2024-01-07,Facebook/Instagram,desktop,295.38,149711.0,84,9772220.36,Not Specified,Demo-Only,Social
2024-01-07,Facebook/Instagram,ipad,272.92,142453.0,95,9772220.36,Not Specified,Demo-Only,Social
2024-01-07,Facebook/Instagram,iphone,41781.51,21783407.0,12238,9772220.36,Not Specified,Demo-Only,Social
2024-01-07,Facebook/Instagram,ipod,3.56,1997.0,1,9772220.36,Not Specified,Demo-Only,Social
2024-01-07,Facebook/Instagram,other,1.73,799.0,1,9772220.36,Not Specified,Demo-Only,Social
2024-01-07,Forums,Not Specified,0.0,0.0,0,9772220.36,Not Specified,Not Specified,Brandwatch
2024-01-07,Hulu,Not Specified,0.14,435350.0,42,0.0,FEP,Not Specified,Display
2024-01-07,Instagram,Not Specified,0.0,0.0,0,9772220.36,Not Specified,Not Specified,Infegy
2024-01-07,NET,Not Specified,97218.0,2.0,0,9772220.36,Not Specified,Not Specified,TV
2024-01-07,Pinterest,Unknown Device Category,31857.82,14522197.0,13515,9772220.36,Not Specified,Demo & Keywords,Social
2024-01-07,Roku,Not Specified,0.28,667769.0,182,0.0,FEP,Not Specified,Display
2024-01-07,SYND,Not Specified,2819.0,1.0,0,9772220.36,Not Specified,Not Specified,TV
2024-01-07,The Trade Desk,Not Specified,5.42,4387840.0,5192,0.0,Programmatic,Not Specified,Display
2024-01-07,TikTok,Unknown Device Category,14169.47,5786115.0,6840,9772220.36,Not Specified,Demo-Only,Social
2024-01-07,X,Not Specified,0.0,37661.0,0,9772220.36,Not Specified,Not Specified,Brandwatch
2024-01-14,Amazon,Not Specified,0.14,1774981.0,3280,0.0,FEP,Not Specified,Display
2024-01-14,CBS,Not Specified,0.14,723609.0,234,0.0,FEP,Not Specified,Display
2024-01-14,CWTV,Not Specified,0.14,274925.0,543,0.0,FEP,Not Specified,Display
2024-01-14,DV360,Not Specified,2.52,7012703.0,871,0.0,Programmatic,Not Specified,Display
2024-01-14,Disney,Not Specified,0.42,581336.0,176,0.0,FEP,Not Specified,Display
2024-01-14,Facebook/Instagram,android_smartphone,19867.829999999998,10001591.0,5811,10224967.8,Not Specified,Demo-Only,Social
2024-01-14,Facebook/Instagram,android_tablet,125.32000000000001,63938.0,57,10224967.8,Not Specified,Demo-Only,Social
2024-01-14,Facebook/Instagram,desktop,447.21,230551.0,122,10224967.8,Not Specified,Demo-Only,Social
2024-01-14,Facebook/Instagram,ipad,410.19,206472.0,125,10224967.8,Not Specified,Demo-Only,Social
2024-01-14,Facebook/Instagram,iphone,58797.53,29097124.0,16618,10224967.8,Not Specified,Demo-Only,Social
2024-01-14,Facebook/Instagram,ipod,6.99,3859.0,2,10224967.8,Not Specified,Demo-Only,Social
2024-01-14,Facebook/Instagram,other,3.98,1791.0,0,10224967.8,Not Specified,Demo-Only,Social
2024-01-14,Forums,Not Specified,0.0,0.0,0,10224967.8,Not Specified,Not Specified,Brandwatch
2024-01-14,Hulu,Not Specified,0.14,384246.0,28,0.0,FEP,Not Specified,Display
2024-01-14,Instagram,Not Specified,0.0,0.0,0,10224967.8,Not Specified,Not Specified,Infegy
2024-01-14,Pinterest,Unknown Device Category,39143.04,18364763.0,16584,10224967.8,Not Specified,Interest,Social
2024-01-14,Roku,Not Specified,0.28,218097.0,56,0.0,FEP,Not Specified,Display
2024-01-14,The Trade Desk,Not Specified,5.58,4230985.0,4854,0.0,Programmatic,Not Specified,Display
2024-01-14,TikTok,Unknown Device Category,18421.17,7174306.0,10020,10224967.8,Not Specified,Demo-Only,Social
2024-01-14,X,Not Specified,0.0,8494.0,0,10224967.8,Not Specified,Not Specified,Brandwatch
2024-01-21,Amazon,Not Specified,0.14,1749423.0,3233,0.0,FEP,Not Specified,Display
2024-01-21,CBS,Not Specified,0.14,672125.0,121,0.0,FEP,Not Specified,Display
2024-01-21,CWTV,Not Specified,0.14,254024.0,410,0.0,FEP,Not Specified,Display
2024-01-21,DV360,Not Specified,2.52,6549542.0,877,0.0,Programmatic,Not Specified,Display
2024-01-21,Disney,Not Specified,0.42,373931.0,50,0.0,FEP,Not Specified,Display
2024-01-21,Facebook/Instagram,android_smartphone,21310.76,9823063.0,5568,9655775.66,Not Specified,Demo-Only,Social
2024-01-21,Facebook/Instagram,android_tablet,131.31,61912.0,56,9655775.66,Not Specified,Demo-Only,Social
2024-01-21,Facebook/Instagram,desktop,548.8,261100.0,136,9655775.66,Not Specified,Demo-Only,Social
2024-01-21,Facebook/Instagram,ipad,405.44,191111.0,129,9655775.66,Not Specified,Demo-Only,Social
2024-01-21,Facebook/Instagram,iphone,59948.73,27269663.0,15698,9655775.66,Not Specified,Demo-Only,Social
2024-01-21,Facebook/Instagram,ipod,7.43,3901.0,2,9655775.66,Not Specified,Demo-Only,Social
2024-01-21,Facebook/Instagram,other,1.87,806.0,1,9655775.66,Not Specified,Demo-Only,Social
2024-01-21,Forums,Not Specified,0.0,0.0,0,9655775.66,Not Specified,Not Specified,Brandwatch
2024-01-21,Hulu,Not Specified,0.14,337802.0,29,0.0,FEP,Not Specified,Display
2024-01-21,Instagram,Not Specified,0.0,0.0,0,9655775.66,Not Specified,Not Specified,Infegy
2024-01-21,Pinterest,Unknown Device Category,38640.33,17970920.0,15669,9655775.66,Not Specified,Interest & Keywords,Social
2024-01-21,Roku,Not Specified,0.28,318407.0,84,0.0,FEP,Not Specified,Display
2024-01-21,The Trade Desk,Not Specified,5.46,4191401.0,5356,0.0,Programmatic,Not Specified,Display
2024-01-21,TikTok,Unknown Device Category,18453.0,6860308.0,8905,9655775.66,Not Specified,Demo-Only,Social
2024-01-21,Tumblr,Not Specified,0.0,0.0,0,9655775.66,Not Specified,Not Specified,Brandwatch
2024-01-21,X,Not Specified,0.0,50490.0,0,9655775.66,Not Specified,Not Specified,Brandwatch
2024-01-28,Amazon,Not Specified,0.14,1858595.0,3433,0.0,FEP,Not Specified,Display
2024-01-28,CBS,Not Specified,0.16,827110.0,176,0.0,FEP,Not Specified,Display
2024-01-28,CWTV,Not Specified,0.14,237152.0,267,0.0,FEP,Not Specified,Display
2024-01-28,Cable,Not Specified,85938.0,2.0,0,9442055.74,Not Specified,Not Specified,TV
2024-01-28,DV360,Not Specified,2.24,5822086.0,847,0.0,Programmatic,Not Specified,Display
2024-01-28,Disney,Not Specified,0.41000000000000003,393844.0,75,0.0,FEP,Not Specified,Display
2024-01-28,Facebook/Instagram,android_smartphone,20639.54,9323038.0,5140,9442055.74,Not Specified,Demo-Only,Social
2024-01-28,Facebook/Instagram,android_tablet,130.44,60222.0,50,9442055.74,Not Specified,Demo-Only,Social
2024-01-28,Facebook/Instagram,desktop,516.31,244219.0,133,9442055.74,Not Specified,Demo-Only,Social
2024-01-28,Facebook/Instagram,ipad,413.86,189411.0,118,9442055.74,Not Specified,Demo-Only,Social
2024-01-28,Facebook/Instagram,iphone,60189.1,26840665.0,15264,9442055.74,Not Specified,Demo-Only,Social
2024-01-28,Facebook/Instagram,ipod,7.44,3739.0,1,9442055.74,Not Specified,Demo-Only,Social
2024-01-28,Facebook/Instagram,other,3.85,1579.0,1,9442055.74,Not Specified,Demo-Only,Social
2024-01-28,Forums,Not Specified,0.0,0.0,0,9442055.74,Not Specified,Not Specified,Brandwatch
2024-01-28,Hulu,Not Specified,0.14,358773.0,39,0.0,FEP,Not Specified,Display
2024-01-28,Instagram,Not Specified,0.0,0.0,0,9442055.74,Not Specified,Not Specified,Infegy
2024-01-28,NET,Not Specified,28874.0,2.0,0,9442055.74,Not Specified,Not Specified,TV
2024-01-28,Pinterest,Unknown Device Category,31481.79,14450491.0,12748,9442055.74,Not Specified,Demo-Only,Social
2024-01-28,Roku,Not Specified,0.28,431896.0,118,0.0,FEP,Not Specified,Display
2024-01-28,SYND,Not Specified,5637.0,1.0,0,9442055.74,Not Specified,Not Specified,TV
2024-01-28,The Trade Desk,Not Specified,5.41,3409782.0,3999,0.0,Programmatic,Not Specified,Display
2024-01-28,TikTok,Unknown Device Category,16381.470000000001,6030724.0,7999,9442055.74,Not Specified,Demo-Only,Social
2024-01-28,Tumblr,Not Specified,0.0,0.0,0,9442055.74,Not Specified,Not Specified,Brandwatch
2024-01-28,X,Not Specified,0.0,1815.0,0,9442055.74,Not Specified,Not Specified,Brandwatch
2024-02-04,Amazon,Not Specified,0.14,1862696.0,3441,0.0,FEP,Not Specified,Display
2024-02-04,CBS,Not Specified,0.14,835533.0,100,0.0,FEP,Not Specified,Display
2024-02-04,CWTV,Not Specified,0.14,204983.0,237,0.0,FEP,Not Specified,Display
2024-02-04,Cable,Not Specified,123319.0,2.0,0,9684387.89,Not Specified,Not Specified,TV
2024-02-04,DV360,Not Specified,1.68,4701616.0,657,0.0,Programmatic,Not Specified,Display
2024-02-04,Disney,Not Specified,0.42,747164.0,127,0.0,FEP,Not Specified,Display
2024-02-04,Facebook/Instagram,android_smartphone,19872.69,8901220.0,4501,9684387.89,Not Specified,Demo-Only,Social
2024-02-04,Facebook/Instagram,android_tablet,133.27,60385.0,43,9684387.89,Not Specified,Demo-Only,Social
2024-02-04,Facebook/Instagram,desktop,456.99,219848.0,116,9684387.89,Not Specified,Demo-Only,Social
2024-02-04,Facebook/Instagram,ipad,433.26,195550.0,121,9684387.89,Not Specified,Demo-Only,Social
2024-02-04,Facebook/Instagram,iphone,59956.34,26421915.0,14009,9684387.89,Not Specified,Demo-Only,Social
2024-02-04,Facebook/Instagram,ipod,7.33,3697.0,2,9684387.89,Not Specified,Demo-Only,Social
2024-02-04,Facebook/Instagram,other,1.82,674.0,1,9684387.89,Not Specified,Demo-Only,Social
2024-02-04,Forums,Not Specified,0.0,0.0,0,9684387.89,Not Specified,Not Specified,Brandwatch
2024-02-04,Hulu,Not Specified,0.14,520376.0,52,0.0,FEP,Not Specified,Display
2024-02-04,Instagram,Not Specified,0.0,0.0,0,9684387.89,Not Specified,Not Specified,Infegy
2024-02-04,NET,Not Specified,28565.0,2.0,0,9684387.89,Not Specified,Not Specified,TV
2024-02-04,Pinterest,Unknown Device Category,20095.62,9246785.0,7924,9684387.89,Not Specified,Demo-Only,Social
2024-02-04,Roku,Not Specified,0.28,756803.0,207,0.0,FEP,Not Specified,Display
2024-02-04,SYND,Not Specified,4228.0,1.0,0,9684387.89,Not Specified,Not Specified,TV
2024-02-04,The Trade Desk,Not Specified,4.78,2699770.0,2582,0.0,Programmatic,Not Specified,Display
2024-02-04,TikTok,Unknown Device Category,12837.45,4632567.0,5529,9684387.89,Not Specified,Demo-Only,Social
2024-02-04,Tumblr,Not Specified,0.0,0.0,0,9684387.89,Not Specified,Not Specified,Brandwatch
2024-02-04,X,Not Specified,0.0,18683.0,0,9684387.89,Not Specified,Not Specified,Brandwatch
2024-02-11,Amazon,Not Specified,0.14,1703414.0,3146,0.0,FEP,Not Specified,Display
2024-02-11,CBS,Not Specified,0.14,794835.0,139,0.0,FEP,Not Specified,Display
2024-02-11,CWTV,Not Specified,0.14,192773.0,313,0.0,FEP,Not Specified,Display
2024-02-11,Cable,Not Specified,0.0,0.0,0,9772173.92,Not Specified,Not Specified,TV
2024-02-11,DV360,Not Specified,1.68,4074614.0,649,0.0,Programmatic,Not Specified,Display
2024-02-11,Disney,Not Specified,0.42,563332.0,73,0.0,FEP,Not Specified,Display
2024-02-11,Facebook/Instagram,android_smartphone,18437.23,8314870.0,3998,9772173.92,Not Specified,Demo-Only,Social
2024-02-11,Facebook/Instagram,android_tablet,123.4,56261.0,40,9772173.92,Not Specified,Demo-Only,Social
2024-02-11,Facebook/Instagram,desktop,402.83,191532.0,103,9772173.92,Not Specified,Demo-Only,Social
2024-02-11,Facebook/Instagram,ipad,406.19,187492.0,118,9772173.92,Not Specified,Demo-Only,Social
2024-02-11,Facebook/Instagram,iphone,57928.22,25833402.0,13681,9772173.92,Not Specified,Demo-Only,Social
2024-02-11,Facebook/Instagram,ipod,6.640000000000001,3313.0,1,9772173.92,Not Specified,Demo-Only,Social
2024-02-11,Facebook/Instagram,other,1.74,669.0,0,9772173.92,Not Specified,Demo-Only,Social
2024-02-11,Forums,Not Specified,0.0,0.0,0,9772173.92,Not Specified,Not Specified,Brandwatch
2024-02-11,Hulu,Not Specified,0.14,409428.0,44,0.0,FEP,Not Specified,Display
2024-02-11,Instagram,Not Specified,0.0,0.0,0,9772173.92,Not Specified,Not Specified,Infegy
2024-02-11,Pinterest,Unknown Device Category,18192.23,8345352.0,7193,9772173.92,Not Specified,Demo & Interests,Social
2024-02-11,Review,Not Specified,0.0,0.0,0,9772173.92,Not Specified,Not Specified,Brandwatch
2024-02-11,Roku,Not Specified,0.28,624506.0,167,0.0,FEP,Not Specified,Display
2024-02-11,The Trade Desk,Not Specified,4.5,2675399.0,3275,0.0,Programmatic,Not Specified,Display
2024-02-11,TikTok,Unknown Device Category,12844.77,4368979.0,5635,9772173.92,Not Specified,Demo-Only,Social
2024-02-11,X,Not Specified,0.0,19496.0,0,9772173.92,Not Specified,Not Specified,Brandwatch
2024-02-18,Amazon,Not Specified,0.14,1398852.0,2585,0.0,FEP,Not Specified,Display
2024-02-18,CBS,Not Specified,0.14,740239.0,33,0.0,FEP,Not Specified,Display
2024-02-18,CWTV,Not Specified,0.14,236678.0,582,0.0,FEP,Not Specified,Display
2024-02-18,DV360,Not Specified,1.68,3837183.0,615,0.0,Programmatic,Not Specified,Display
2024-02-18,Disney,Not Specified,0.42,416259.0,50,0.0,FEP,Not Specified,Display
2024-02-18,Facebook/Instagram,android_smartphone,3375.77,1835075.0,803,9113281.22,Not Specified,Demo-Only,Social
2024-02-18,Facebook/Instagram,android_tablet,26.43,14998.0,10,9113281.22,Not Specified,Demo-Only,Social
2024-02-18,Facebook/Instagram,desktop,78.85,47463.0,24,9113281.22,Not Specified,Demo-Only,Social
2024-02-18,Facebook/Instagram,ipad,82.42,45350.0,27,9113281.22,Not Specified,Demo-Only,Social
2024-02-18,Facebook/Instagram,iphone,9763.95,4990901.0,2411,9113281.22,Not Specified,Demo-Only,Social
2024-02-18,Facebook/Instagram,ipod,1.9,1177.0,2,9113281.22,Not Specified,Demo-Only,Social
2024-02-18,Facebook/Instagram,other,0.42000000000000004,101.0,0,9113281.22,Not Specified,Demo-Only,Social
2024-02-18,Forums,Not Specified,0.0,0.0,0,9113281.22,Not Specified,Not Specified,Brandwatch
2024-02-18,Hulu,Not Specified,0.14,337312.0,42,0.0,FEP,Not Specified,Display
2024-02-18,Pinterest,Unknown Device Category,20464.17,9221451.0,8244,9113281.22,Not Specified,Demo-Only,Social
2024-02-18,Roku,Not Specified,0.28,379180.0,101,0.0,FEP,Not Specified,Display
2024-02-18,The Trade Desk,Not Specified,4.37,2287713.0,2514,0.0,Programmatic,Not Specified,Display
2024-02-18,TikTok,Unknown Device Category,12807.35,4178252.0,5617,9113281.22,Not Specified,Demo-Only,Social
2024-02-18,Tumblr,Not Specified,0.0,0.0,0,9113281.22,Not Specified,Not Specified,Brandwatch
2024-02-18,X,Not Specified,0.0,1072.0,0,9113281.22,Not Specified,Not Specified,Brandwatch
2024-02-25,Amazon,Not Specified,0.14,1350248.0,2494,0.0,FEP,Not Specified,Display
2024-02-25,CBS,Not Specified,0.15,885179.5,223,0.0,FEP,Not Specified,Display
2024-02-25,CWTV,Not Specified,0.14,232212.0,576,0.0,FEP,Not Specified,Display
2024-02-25,Cable,Not Specified,88436.0,2.0,0,9437955.27,Not Specified,Not Specified,TV
2024-02-25,DV360,Not Specified,1.68,3717805.0,601,0.0,Programmatic,Not Specified,Display
2024-02-25,Disney,Not Specified,0.38,360121.0,70,0.0,FEP,Not Specified,Display
2024-02-25,Facebook/Instagram,android_smartphone,4679.06,2700622.0,1001,9437955.27,Not Specified,Demo-Only,Social
2024-02-25,Facebook/Instagram,android_tablet,34.56,20797.0,7,9437955.27,Not Specified,Demo-Only,Social
2024-02-25,Facebook/Instagram,desktop,124.1,75165.0,41,9437955.27,Not Specified,Demo-Only,Social
2024-02-25,Facebook/Instagram,ipad,87.22,52636.0,36,9437955.27,Not Specified,Demo-Only,Social
2024-02-25,Facebook/Instagram,iphone,10184.210000000001,5829396.0,2147,9437955.27,Not Specified,Demo-Only,Social
2024-02-25,Facebook/Instagram,ipod,2.21,1347.0,0,9437955.27,Not Specified,Demo-Only,Social
2024-02-25,Facebook/Instagram,other,0.53,203.0,0,9437955.27,Not Specified,Demo-Only,Social
2024-02-25,Forums,Not Specified,0.0,0.0,0,9437955.27,Not Specified,Not Specified,Brandwatch
2024-02-25,Hulu,Not Specified,0.14,304183.0,29,0.0,FEP,Not Specified,Display
2024-02-25,Instagram,Not Specified,0.0,0.0,0,9437955.27,Not Specified,Not Specified,Infegy
2024-02-25,NET,Not Specified,28376.0,1.0,0,9437955.27,Not Specified,Not Specified,TV
2024-02-25,Pinterest,Unknown Device Category,16614.9,7530232.0,6656,9437955.27,Not Specified,Demo & Keywords,Social
2024-02-25,Roku,Not Specified,0.28,524056.0,141,0.0,FEP,Not Specified,Display
2024-02-25,SYND,Not Specified,1409.0,1.0,0,9437955.27,Not Specified,Not Specified,TV
2024-02-25,The Trade Desk,Not Specified,4.2,1886541.0,1980,0.0,Programmatic,Not Specified,Display
2024-02-25,TikTok,Unknown Device Category,12784.8,4116817.0,5848,9437955.27,Not Specified,Demo-Only,Social
2024-02-25,X,Not Specified,0.0,76436.0,0,9437955.27,Not Specified,Not Specified,Brandwatch
2024-03-03,Amazon,Not Specified,0.14,1270385.0,2347,0.0,FEP,Not Specified,Display
2024-03-03,CBS,Not Specified,0.14,839622.0,95,0.0,FEP,Not Specified,Display
2024-03-03,CWTV,Not Specified,0.14,223073.0,415,0.0,FEP,Not Specified,Display
2024-03-03,Cable,Not Specified,115766.0,2.0,0,9570651.82,Not Specified,Not Specified,TV
2024-03-03,DV360,Not Specified,1.68,3569127.0,597,0.0,Programmatic,Not Specified,Display
2024-03-03,Disney,Not Specified,0.35000000000000003,631951.0,109,0.0,FEP,Not Specified,Display
2024-03-03,Facebook/Instagram,android_smartphone,6511.27,3446586.0,1246,9570651.82,Not Specified,Demo-Only,Social
2024-03-03,Facebook/Instagram,android_tablet,46.06,25158.0,16,9570651.82,Not Specified,Demo-Only,Social
2024-03-03,Facebook/Instagram,desktop,156.99,87223.0,45,9570651.82,Not Specified,Demo-Only,Social
2024-03-03,Facebook/Instagram,ipad,109.31,60477.0,47,9570651.82,Not Specified,Demo-Only,Social
2024-03-03,Facebook/Instagram,iphone,14012.64,7400604.0,2475,9570651.82,Not Specified,Demo-Only,Social
2024-03-03,Facebook/Instagram,ipod,2.86,1471.0,0,9570651.82,Not Specified,Demo-Only,Social
2024-03-03,Facebook/Instagram,other,0.84,258.0,0,9570651.82,Not Specified,Demo-Only,Social
2024-03-03,Forums,Not Specified,0.0,0.0,0,9570651.82,Not Specified,Not Specified,Brandwatch
2024-03-03,Hulu,Not Specified,0.14,475705.0,53,0.0,FEP,Not Specified,Display
2024-03-03,Instagram,Not Specified,0.0,0.0,0,9570651.82,Not Specified,Not Specified,Infegy
2024-03-03,NET,Not Specified,25493.0,1.0,0,9570651.82,Not Specified,Not Specified,TV
2024-03-03,Pinterest,Unknown Device Category,18518.58,8325228.0,7208,9570651.82,Not Specified,Demo & Keywords,Social
2024-03-03,Roku,Not Specified,0.28,547830.0,145,0.0,FEP,Not Specified,Display
2024-03-03,SYND,Not Specified,2819.0,1.0,0,9570651.82,Not Specified,Not Specified,TV
2024-03-03,The Trade Desk,Not Specified,3.95,1778787.0,1530,0.0,Programmatic,Not Specified,Display
2024-03-03,TikTok,Unknown Device Category,12695.04,3951227.0,5524,9570651.82,Not Specified,Demo-Only,Social
2024-03-03,Tumblr,Not Specified,0.0,0.0,0,9570651.82,Not Specified,Not Specified,Brandwatch
2024-03-03,X,Not Specified,0.0,4887.0,0,9570651.82,Not Specified,Not Specified,Brandwatch
2024-03-10,Amazon,Not Specified,0.15,1142082.0,2111,0.0,FEP,Not Specified,Display
2024-03-10,CBS,Not Specified,0.14,794255.0,128,0.0,FEP,Not Specified,Display
2024-03-10,CWTV,Not Specified,0.14,207255.0,199,0.0,FEP,Not Specified,Display
2024-03-10,DV360,Not Specified,1.68,3519196.0,581,0.0,Programmatic,Not Specified,Display
2024-03-10,Disney,Not Specified,0.35000000000000003,657910.0,107,0.0,FEP,Not Specified,Display
2024-03-10,Facebook/Instagram,android_smartphone,7274.14,3602855.0,1455,9715268.0,Not Specified,Demo-Only,Social
2024-03-10,Facebook/Instagram,android_tablet,52.25,26452.0,12,9715268.0,Not Specified,Demo-Only,Social
2024-03-10,Facebook/Instagram,desktop,163.73,85435.0,43,9715268.0,Not Specified,Demo-Only,Social
2024-03-10,Facebook/Instagram,ipad,139.17,70134.0,46,9715268.0,Not Specified,Demo-Only,Social
2024-03-10,Facebook/Instagram,iphone,18046.74,8823945.0,3138,9715268.0,Not Specified,Demo-Only,Social
2024-03-10,Facebook/Instagram,ipod,2.94,1556.0,1,9715268.0,Not Specified,Demo-Only,Social
2024-03-10,Facebook/Instagram,other,0.74,265.0,0,9715268.0,Not Specified,Demo-Only,Social
2024-03-10,Forums,Not Specified,0.0,0.0,0,9715268.0,Not Specified,Not Specified,Brandwatch
2024-03-10,Hulu,Not Specified,0.14,487084.0,45,0.0,FEP,Not Specified,Display
2024-03-10,Instagram,Not Specified,0.0,0.0,0,9715268.0,Not Specified,Not Specified,Infegy
2024-03-10,Pinterest,Unknown Device Category,18534.74,7767908.0,6588,9715268.0,Not Specified,Demo & Interests,Social
2024-03-10,Review,Not Specified,0.0,0.0,0,9715268.0,Not Specified,Not Specified,Brandwatch
2024-03-10,Roku,Not Specified,0.28,460805.0,122,0.0,FEP,Not Specified,Display
2024-03-10,The Trade Desk,Not Specified,3.95,1718215.0,1543,0.0,Programmatic,Not Specified,Display
2024-03-10,TikTok,Unknown Device Category,12539.2,3714441.0,5035,9715268.0,Not Specified,Demo-Only,Social
2024-03-10,Tumblr,Not Specified,0.0,0.0,0,9715268.0,Not Specified,Not Specified,Brandwatch
2024-03-10,X,Not Specified,0.0,3121.0,0,9715268.0,Not Specified,Not Specified,Brandwatch
2024-03-17,Amazon,Not Specified,0.14,1061097.0,1961,0.0,FEP,Not Specified,Display
2024-03-17,CBS,Not Specified,0.18,899757.0,97,0.0,FEP,Not Specified,Display
2024-03-17,CWTV,Not Specified,0.16,216450.0,133,0.0,FEP,Not Specified,Display
2024-03-17,DV360,Not Specified,1.68,3424461.0,564,0.0,Programmatic,Not Specified,Display
2024-03-17,Disney,Not Specified,0.4,1022009.0,179,0.0,FEP,Not Specified,Display
2024-03-17,Facebook/Instagram,android_smartphone,11901.5,5203286.0,2213,9413316.8,Not Specified,Demo-Only,Social
2024-03-17,Facebook/Instagram,android_tablet,66.16,30247.0,15,9413316.8,Not Specified,Demo-Only,Social
2024-03-17,Facebook/Instagram,desktop,230.04,105788.0,53,9413316.8,Not Specified,Demo-Only,Social
2024-03-17,Facebook/Instagram,ipad,233.85,102996.0,64,9413316.8,Not Specified,Demo-Only,Social
2024-03-17,Facebook/Instagram,iphone,32366.58,14005609.0,5530,9413316.8,Not Specified,Demo-Only,Social
2024-03-17,Facebook/Instagram,ipod,4.18,2020.0,0,9413316.8,Not Specified,Demo-Only,Social
2024-03-17,Facebook/Instagram,other,15.41,6642.0,6,9413316.8,Not Specified,Demo-Only,Social
2024-03-17,Forums,Not Specified,0.0,0.0,0,9413316.8,Not Specified,Not Specified,Brandwatch
2024-03-17,Hulu,Not Specified,0.14,361984.0,34,0.0,FEP,Not Specified,Display
2024-03-17,Pinterest,Unknown Device Category,18309.43,7841298.0,6661,9413316.8,Not Specified,Demo-Only,Social
2024-03-17,Roku,Not Specified,0.28,370414.0,99,0.0,FEP,Not Specified,Display
2024-03-17,The Trade Desk,Not Specified,3.85,1603455.0,1507,0.0,Programmatic,Not Specified,Display
2024-03-17,TikTok,Unknown Device Category,12406.59,3430814.0,4226,9413316.8,Not Specified,Demo-Only,Social
2024-03-17,X,Not Specified,0.0,1646.0,0,9413316.8,Not Specified,Not Specified,Brandwatch
2024-03-24,Amazon,Not Specified,0.13,659355.0,1220,0.0,FEP,Not Specified,Display
2024-03-24,CBS,Not Specified,0.16,699148.0,68,0.0,FEP,Not Specified,Display
2024-03-24,CWTV,Not Specified,0.16,201591.0,262,0.0,FEP,Not Specified,Display
2024-03-24,Cable,Not Specified,77341.0,2.0,0,9177184.66,Not Specified,Not Specified,TV
2024-03-24,DV360,Not Specified,1.7,3385074.0,595,0.0,Programmatic,Not Specified,Display
2024-03-24,Disney,Not Specified,0.4,326303.0,42,0.0,FEP,Not Specified,Display
2024-03-24,Facebook/Instagram,android_smartphone,12313.46,5414112.0,2234,9177184.66,Not Specified,Demo-Only,Social
2024-03-24,Facebook/Instagram,android_tablet,63.09,28812.0,16,9177184.66,Not Specified,Demo-Only,Social
2024-03-24,Facebook/Instagram,desktop,262.04,119871.0,59,9177184.66,Not Specified,Demo-Only,Social
2024-03-24,Facebook/Instagram,ipad,245.57,110500.0,73,9177184.66,Not Specified,Demo-Only,Social
2024-03-24,Facebook/Instagram,iphone,33197.05,14464085.0,5757,9177184.66,Not Specified,Demo-Only,Social
2024-03-24,Facebook/Instagram,ipod,4.13,2087.0,2,9177184.66,Not Specified,Demo-Only,Social
2024-03-24,Facebook/Instagram,other,20.79,9195.0,5,9177184.66,Not Specified,Demo-Only,Social
2024-03-24,Forums,Not Specified,0.0,0.0,0,9177184.66,Not Specified,Not Specified,Brandwatch
2024-03-24,Hulu,Not Specified,0.17,290478.5,27,0.0,FEP,Not Specified,Display
2024-03-24,Instagram,Not Specified,0.0,0.0,0,9177184.66,Not Specified,Not Specified,Infegy
2024-03-24,NET,Not Specified,24057.0,2.0,0,9177184.66,Not Specified,Not Specified,TV
2024-03-24,Peacock,Not Specified,0.03,5.0,3,0.0,FEP,Not Specified,Display
2024-03-24,Pinterest,Unknown Device Category,18063.32,7873670.0,6724,9177184.66,Not Specified,Demo & Interests,Social
2024-03-24,Review,Not Specified,0.0,0.0,0,9177184.66,Not Specified,Not Specified,Brandwatch
2024-03-24,Roku,Not Specified,0.31,258101.0,68,0.0,FEP,Not Specified,Display
2024-03-24,SYND,Not Specified,4228.0,1.0,0,9177184.66,Not Specified,Not Specified,TV
2024-03-24,The Trade Desk,Not Specified,3.62,1426433.0,1352,0.0,Programmatic,Not Specified,Display
2024-03-24,TikTok,Unknown Device Category,29103.22,7346575.0,10376,9177184.66,Not Specified,Demo-Only,Social
2024-03-24,Tumblr,Not Specified,0.0,0.0,0,9177184.66,Not Specified,Not Specified,Brandwatch
2024-03-24,Turner,Not Specified,0.05,6.0,1,0.0,FEP,Not Specified,Display
2024-03-24,X,Not Specified,0.0,17129.0,0,9177184.66,Not Specified,Not Specified,Brandwatch
2024-03-24,YouTube,Not Specified,0.03,41536.5,4,0.0,FEP,Not Specified,Display
2024-03-31,Amazon,Not Specified,0.04,70748.0,131,0.0,FEP,Not Specified,Display
2024-03-31,CBS,Not Specified,0.16,735534.0,139,0.0,FEP,Not Specified,Display
2024-03-31,CWTV,Not Specified,0.04,35306.0,66,0.0,FEP,Not Specified,Display
2024-03-31,Cable,Not Specified,105498.0,2.0,0,9080677.05,Not Specified,Not Specified,TV
2024-03-31,DV360,Not Specified,1.68,3376533.0,549,0.0,Programmatic,Not Specified,Display
2024-03-31,Disney,Not Specified,0.45,510420.0,70,0.0,FEP,Not Specified,Display
2024-03-31,Facebook/Instagram,android_smartphone,2608.13,1474492.0,697,9080677.05,Not Specified,Demo-Only,Social
2024-03-31,Facebook/Instagram,android_tablet,16.02,9505.0,4,9080677.05,Not Specified,Demo-Only,Social
2024-03-31,Facebook/Instagram,desktop,59.85,38183.0,21,9080677.05,Not Specified,Demo-Only,Social
2024-03-31,Facebook/Instagram,ipad,57.16,33159.0,19,9080677.05,Not Specified,Demo-Only,Social
2024-03-31,Facebook/Instagram,iphone,6663.72,3620536.0,1471,9080677.05,Not Specified,Demo-Only,Social
2024-03-31,Facebook/Instagram,ipod,1.52,931.0,0,9080677.05,Not Specified,Demo-Only,Social
2024-03-31,Facebook/Instagram,other,4.34,2161.0,2,9080677.05,Not Specified,Demo-Only,Social
2024-03-31,Forums,Not Specified,0.0,0.0,0,9080677.05,Not Specified,Not Specified,Brandwatch
2024-03-31,Hulu,Not Specified,0.14,284563.0,27,0.0,FEP,Not Specified,Display
2024-03-31,Instagram,Not Specified,0.0,0.0,0,9080677.05,Not Specified,Not Specified,Infegy
2024-03-31,NET,Not Specified,25461.0,3.0,0,9080677.05,Not Specified,Not Specified,TV
2024-03-31,Peacock,Not Specified,0.18,220727.0,110362,0.0,FEP,Not Specified,Display
2024-03-31,Pinterest,Unknown Device Category,3494.78,1379297.0,1342,9080677.05,Not Specified,Demo-Only,Social
2024-03-31,Roku,Not Specified,0.29,568776.0,154,0.0,FEP,Not Specified,Display
2024-03-31,SYND,Not Specified,10879.0,1.0,0,9080677.05,Not Specified,Not Specified,TV
2024-03-31,The Trade Desk,Not Specified,3.56,1424973.0,1262,0.0,Programmatic,Not Specified,Display
2024-03-31,TikTok,Unknown Device Category,4651.98,1225085.0,2049,9080677.05,Not Specified,Demo-Only,Social
2024-03-31,Turner,Not Specified,0.18,494126.0,247,0.0,FEP,Not Specified,Display
2024-03-31,X,Not Specified,0.0,4105.0,0,9080677.05,Not Specified,Not Specified,Brandwatch
2024-03-31,YouTube,Not Specified,0.12,201187.0,86,0.0,FEP,Not Specified,Display
2024-04-07,CBS,Not Specified,0.14,514511.0,66,0.0,FEP,Not Specified,Display
2024-04-07,Cable,Not Specified,0.0,0.0,0,8967695.16,Not Specified,Not Specified,TV
2024-04-07,DV360,Not Specified,1.68,3193439.0,511,0.0,Programmatic,Not Specified,Display
2024-04-07,Disney,Not Specified,0.42,543716.0,68,0.0,FEP,Not Specified,Display
2024-04-07,Facebook/Instagram,android_smartphone,8977.35,4673723.0,2188,8967695.16,Not Specified,Demo-Only,Social
2024-04-07,Facebook/Instagram,android_tablet,45.12,24216.0,19,8967695.16,Not Specified,Demo-Only,Social
2024-04-07,Facebook/Instagram,desktop,255.99,137483.0,78,8967695.16,Not Specified,Demo-Only,Social
2024-04-07,Facebook/Instagram,ipad,183.46,95495.0,66,8967695.16,Not Specified,Demo-Only,Social
2024-04-07,Facebook/Instagram,iphone,23579.39,12033642.0,5831,8967695.16,Not Specified,Demo-Only,Social
2024-04-07,Facebook/Instagram,ipod,3.08,1882.0,0,8967695.16,Not Specified,Demo-Only,Social
2024-04-07,Facebook/Instagram,other,14.11,7339.0,2,8967695.16,Not Specified,Demo-Only,Social
2024-04-07,Forums,Not Specified,0.0,0.0,0,8967695.16,Not Specified,Not Specified,Brandwatch
2024-04-07,Hulu,Not Specified,0.14,293323.0,26,0.0,FEP,Not Specified,Display
2024-04-07,Instagram,Not Specified,0.0,0.0,0,8967695.16,Not Specified,Not Specified,Infegy
2024-04-07,Peacock,Not Specified,0.21,238073.0,119038,0.0,FEP,Not Specified,Display
2024-04-07,Pinterest,Unknown Device Category,28877.32,11757130.0,8819,8967695.16,Not Specified,Demo & Keywords,Social
2024-04-07,Review,Not Specified,0.0,0.0,0,8967695.16,Not Specified,Not Specified,Brandwatch
2024-04-07,Roku,Not Specified,0.28,766393.0,206,0.0,FEP,Not Specified,Display
2024-04-07,The Trade Desk,Not Specified,3.67,1387994.0,1196,0.0,Programmatic,Not Specified,Display
2024-04-07,TikTok,Unknown Device Category,17744.89,5156120.0,9432,8967695.16,Not Specified,Demo-Only,Social
2024-04-07,Turner,Not Specified,0.21,557464.0,200,0.0,FEP,Not Specified,Display
2024-04-07,X,Not Specified,0.0,6189.0,0,8967695.16,Not Specified,Not Specified,Brandwatch
2024-04-07,YouTube,Not Specified,0.14,230139.0,125,0.0,FEP,Not Specified,Display
2024-04-14,CBS,Not Specified,0.14,488382.0,34,0.0,FEP,Not Specified,Display
2024-04-14,DV360,Not Specified,1.68,3152739.0,526,0.0,Programmatic,Not Specified,Display
2024-04-14,Disney,Not Specified,0.42,450198.0,55,0.0,FEP,Not Specified,Display
2024-04-14,Facebook/Instagram,android_smartphone,11014.39,5087942.0,2381,9440325.83,Not Specified,Demo-Only,Social
2024-04-14,Facebook/Instagram,android_tablet,53.59,26189.0,16,9440325.83,Not Specified,Demo-Only,Social
2024-04-14,Facebook/Instagram,desktop,228.47,110053.0,53,9440325.83,Not Specified,Demo-Only,Social
2024-04-14,Facebook/Instagram,ipad,214.76000000000002,100127.0,70,9440325.83,Not Specified,Demo-Only,Social
2024-04-14,Facebook/Instagram,iphone,29592.23,13484033.0,6356,9440325.83,Not Specified,Demo-Only,Social
2024-04-14,Facebook/Instagram,ipod,3.83,1890.0,3,9440325.83,Not Specified,Demo-Only,Social
2024-04-14,Facebook/Instagram,other,18.29,8039.0,2,9440325.83,Not Specified,Demo-Only,Social
2024-04-14,Forums,Not Specified,0.0,0.0,0,9440325.83,Not Specified,Not Specified,Brandwatch
2024-04-14,Hulu,Not Specified,0.14,221451.0,19,0.0,FEP,Not Specified,Display
2024-04-14,Instagram,Not Specified,0.0,0.0,0,9440325.83,Not Specified,Not Specified,Infegy
2024-04-14,Peacock,Not Specified,0.21,207773.0,103886,0.0,FEP,Not Specified,Display
2024-04-14,Pinterest,Unknown Device Category,34052.1,13574347.0,10275,9440325.83,Not Specified,Demo & Interests,Social
2024-04-14,Roku,Not Specified,0.28,455367.0,121,0.0,FEP,Not Specified,Display
2024-04-14,The Trade Desk,Not Specified,3.71,1406945.0,1229,0.0,Programmatic,Not Specified,Display
2024-04-14,TikTok,Unknown Device Category,21749.09,5820007.0,12067,9440325.83,Not Specified,Demo-Only,Social
2024-04-14,Turner,Not Specified,0.21,513946.0,162,0.0,FEP,Not Specified,Display
2024-04-14,X,Not Specified,0.0,29032.0,0,9440325.83,Not Specified,Not Specified,Brandwatch
2024-04-14,YouTube,Not Specified,0.14,229574.0,101,0.0,FEP,Not Specified,Display
2024-04-21,CBS,Not Specified,0.14,462232.0,26,0.0,FEP,Not Specified,Display
2024-04-21,Cable,Not Specified,157811.0,2.0,0,9144537.78,Not Specified,Not Specified,TV
2024-04-21,DV360,Not Specified,1.68,3210537.0,514,0.0,Programmatic,Not Specified,Display
2024-04-21,Disney,Not Specified,0.42,319091.0,38,0.0,FEP,Not Specified,Display
2024-04-21,Facebook/Instagram,android_smartphone,11394.49,5087588.0,2464,9144537.78,Not Specified,Demo-Only,Social
2024-04-21,Facebook/Instagram,android_tablet,57.3,26574.0,15,9144537.78,Not Specified,Demo-Only,Social
2024-04-21,Facebook/Instagram,desktop,162.98,74499.0,27,9144537.78,Not Specified,Demo-Only,Social
2024-04-21,Facebook/Instagram,ipad,214.06,98044.0,70,9144537.78,Not Specified,Demo-Only,Social
2024-04-21,Facebook/Instagram,iphone,29879.9,13181956.0,5997,9144537.78,Not Specified,Demo-Only,Social
2024-04-21,Facebook/Instagram,ipod,3.7800000000000002,1848.0,0,9144537.78,Not Specified,Demo-Only,Social
2024-04-21,Facebook/Instagram,other,19.22,8222.0,2,9144537.78,Not Specified,Demo-Only,Social
2024-04-21,Forums,Not Specified,0.0,0.0,0,9144537.78,Not Specified,Not Specified,Brandwatch
2024-04-21,Hulu,Not Specified,0.14,178352.0,17,0.0,FEP,Not Specified,Display
2024-04-21,Instagram,Not Specified,0.0,0.0,0,9144537.78,Not Specified,Not Specified,Infegy
2024-04-21,NET,Not Specified,52905.0,3.0,0,9144537.78,Not Specified,Not Specified,TV
2024-04-21,Peacock,Not Specified,0.21,169154.0,84578,0.0,FEP,Not Specified,Display
2024-04-21,Pinterest,Unknown Device Category,31362.73,12075058.0,8857,9144537.78,Not Specified,Purchase Based Targeting,Social
2024-04-21,Roku,Not Specified,0.28,368828.0,99,0.0,FEP,Not Specified,Display
2024-04-21,SYND,Not Specified,7431.0,1.0,0,9144537.78,Not Specified,Not Specified,TV
2024-04-21,The Trade Desk,Not Specified,3.71,1420848.0,1145,0.0,Programmatic,Not Specified,Display
2024-04-21,TikTok,Unknown Device Category,21609.09,5614805.0,11136,9144537.78,Not Specified,Demo-Only,Social
2024-04-21,Turner,Not Specified,0.21,485334.0,264,0.0,FEP,Not Specified,Display
2024-04-21,X,Not Specified,0.0,11161.0,0,9144537.78,Not Specified,Not Specified,Brandwatch
2024-04-21,YouTube,Not Specified,0.14,229674.0,111,0.0,FEP,Not Specified,Display
2024-04-28,CBS,Not Specified,0.15,537365.5,182,0.0,FEP,Not Specified,Display
2024-04-28,Cable,Not Specified,104857.0,2.0,0,9106493.23,Not Specified,Not Specified,TV
2024-04-28,DV360,Not Specified,1.52,2923994.0,491,0.0,Programmatic,Not Specified,Display
2024-04-28,Disney,Not Specified,0.36,503384.0,60,0.0,FEP,Not Specified,Display
2024-04-28,Facebook/Instagram,android_smartphone,11554.23,5470717.0,2696,9106493.23,Not Specified,Demo-Only,Social
2024-04-28,Facebook/Instagram,android_tablet,59.74,28995.0,17,9106493.23,Not Specified,Demo-Only,Social
2024-04-28,Facebook/Instagram,desktop,171.67000000000002,85668.0,42,9106493.23,Not Specified,Demo-Only,Social
2024-04-28,Facebook/Instagram,ipad,221.16,105297.0,69,9106493.23,Not Specified,Demo-Only,Social
2024-04-28,Facebook/Instagram,iphone,29916.06,13936009.0,6319,9106493.23,Not Specified,Demo-Only,Social
2024-04-28,Facebook/Instagram,ipod,3.83,1958.0,1,9106493.23,Not Specified,Demo-Only,Social
2024-04-28,Facebook/Instagram,other,19.06,8775.0,3,9106493.23,Not Specified,Demo-Only,Social
2024-04-28,Forums,Not Specified,0.0,0.0,0,9106493.23,Not Specified,Not Specified,Brandwatch
2024-04-28,Hulu,Not Specified,0.14,226124.0,29,0.0,FEP,Not Specified,Display
2024-04-28,Instagram,Not Specified,0.0,0.0,0,9106493.23,Not Specified,Not Specified,Infegy
2024-04-28,NET,Not Specified,36200.0,3.0,0,9106493.23,Not Specified,Not Specified,TV
2024-04-28,Peacock,Not Specified,0.21,207332.0,103665,0.0,FEP,Not Specified,Display
2024-04-28,Pinterest,Unknown Device Category,24336.61,9617052.0,6872,9106493.23,Not Specified,Purchase Based Targeting,Social
2024-04-28,Roku,Not Specified,0.28,379970.0,105,0.0,FEP,Not Specified,Display
2024-04-28,SYND,Not Specified,7430.0,1.0,0,9106493.23,Not Specified,Not Specified,TV
2024-04-28,The Trade Desk,Not Specified,3.73,1660987.0,1376,0.0,Programmatic,Not Specified,Display
2024-04-28,TikTok,Unknown Device Category,21665.03,5569831.0,11561,9106493.23,Not Specified,Demo-Only,Social
2024-04-28,Turner,Not Specified,0.21,528877.0,178,0.0,FEP,Not Specified,Display
2024-04-28,X,Not Specified,0.0,2479.0,0,9106493.23,Not Specified,Not Specified,Brandwatch
2024-04-28,YouTube,Not Specified,0.14,231250.0,117,0.0,FEP,Not Specified,Display
2024-05-05,CBS,Not Specified,0.15,601034.5,78,0.0,FEP,Not Specified,Display
2024-05-05,DV360,Not Specified,1.4000000000000001,2417294.0,412,0.0,Programmatic,Not Specified,Display
2024-05-05,Disney,Not Specified,0.35000000000000003,571531.0,66,0.0,FEP,Not Specified,Display
2024-05-05,Facebook/Instagram,android_smartphone,10719.36,5041360.0,2367,9239521.48,Not Specified,Demo-Only,Social
2024-05-05,Facebook/Instagram,android_tablet,54.26,26830.0,14,9239521.48,Not Specified,Demo-Only,Social
2024-05-05,Facebook/Instagram,desktop,162.23,81841.0,40,9239521.48,Not Specified,Demo-Only,Social
2024-05-05,Facebook/Instagram,ipad,189.64000000000001,90136.0,64,9239521.48,Not Specified,Demo-Only,Social
2024-05-05,Facebook/Instagram,iphone,26600.4,12324475.0,5494,9239521.48,Not Specified,Demo-Only,Social
2024-05-05,Facebook/Instagram,ipod,3.84,1730.0,1,9239521.48,Not Specified,Demo-Only,Social
2024-05-05,Facebook/Instagram,other,114.32000000000001,52862.0,27,9239521.48,Not Specified,Demo-Only,Social
2024-05-05,Forums,Not Specified,0.0,0.0,0,9239521.48,Not Specified,Not Specified,Brandwatch
2024-05-05,Hulu,Not Specified,0.14,237910.0,26,0.0,FEP,Not Specified,Display
2024-05-05,Instagram,Not Specified,0.0,0.0,0,9239521.48,Not Specified,Not Specified,Infegy
2024-05-05,Peacock,Not Specified,0.21,232265.0,116135,0.0,FEP,Not Specified,Display
2024-05-05,Pinterest,Unknown Device Category,22808.75,9019354.0,6802,9239521.48,Not Specified,Demo & Interests,Social
2024-05-05,Roku,Not Specified,0.28,448877.0,120,0.0,FEP,Not Specified,Display
2024-05-05,The Trade Desk,Not Specified,3.73,1424321.0,1154,0.0,Programmatic,Not Specified,Display
2024-05-05,TikTok,Unknown Device Category,26231.2,6745404.0,13625,9239521.48,Not Specified,Demo-Only,Social
2024-05-05,Turner,Not Specified,0.21,535788.0,126,0.0,FEP,Not Specified,Display
2024-05-05,X,Not Specified,0.0,40919.0,0,9239521.48,Not Specified,Not Specified,Brandwatch
2024-05-05,YouTube,Not Specified,0.14,229841.0,111,0.0,FEP,Not Specified,Display
2024-05-12,CBS,Not Specified,0.14,516075.0,107,0.0,FEP,Not Specified,Display
2024-05-12,DV360,Not Specified,1.4000000000000001,3423561.0,525,0.0,Programmatic,Not Specified,Display
2024-05-12,Disney,Not Specified,0.35000000000000003,791261.0,79,0.0,FEP,Not Specified,Display
2024-05-12,Facebook/Instagram,android_smartphone,10452.49,4910044.0,2337,9206297.42,Not Specified,Demo-Only,Social
2024-05-12,Facebook/Instagram,android_tablet,55.56,27038.0,20,9206297.42,Not Specified,Demo-Only,Social
2024-05-12,Facebook/Instagram,desktop,185.62,94576.0,44,9206297.42,Not Specified,Demo-Only,Social
2024-05-12,Facebook/Instagram,ipad,193.71,92292.0,68,9206297.42,Not Specified,Demo-Only,Social
2024-05-12,Facebook/Instagram,iphone,25737.19,11908689.0,5353,9206297.42,Not Specified,Demo-Only,Social
2024-05-12,Facebook/Instagram,ipod,3.59,1761.0,0,9206297.42,Not Specified,Demo-Only,Social
2024-05-12,Facebook/Instagram,other,63.21,29171.0,15,9206297.42,Not Specified,Demo-Only,Social
2024-05-12,Forums,Not Specified,0.0,0.0,0,9206297.42,Not Specified,Not Specified,Brandwatch
2024-05-12,Hulu,Not Specified,0.14,223711.0,74,0.0,FEP,Not Specified,Display
2024-05-12,Peacock,Not Specified,0.21,227232.0,113615,0.0,FEP,Not Specified,Display
2024-05-12,Pinterest,Unknown Device Category,23733.97,9308977.0,7266,9206297.42,Not Specified,Demo & Interests,Social
2024-05-12,Review,Not Specified,0.0,0.0,0,9206297.42,Not Specified,Not Specified,Brandwatch
2024-05-12,Roku,Not Specified,0.28,429068.0,115,0.0,FEP,Not Specified,Display
2024-05-12,The Trade Desk,Not Specified,4.88,2342923.0,1221,0.0,Programmatic,Not Specified,Display
2024-05-12,TikTok,Unknown Device Category,30783.17,7612528.0,14906,9206297.42,Not Specified,Demo-Only,Social
2024-05-12,Tumblr,Not Specified,0.0,0.0,0,9206297.42,Not Specified,Not Specified,Brandwatch
2024-05-12,Turner,Not Specified,0.21,540090.0,125,0.0,FEP,Not Specified,Display
2024-05-12,X,Not Specified,0.0,180824.0,0,9206297.42,Not Specified,Not Specified,Brandwatch
2024-05-12,YouTube,Not Specified,0.14,230376.0,118,0.0,FEP,Not Specified,Display
2024-05-19,CBS,Not Specified,0.14,494498.0,73,0.0,FEP,Not Specified,Display
2024-05-19,Cable,Not Specified,102784.0,2.0,0,8857268.89,Not Specified,Not Specified,TV
2024-05-19,DV360,Not Specified,1.4000000000000001,3637365.0,563,0.0,Programmatic,Not Specified,Display
2024-05-19,Disney,Not Specified,0.35000000000000003,571390.0,71,0.0,FEP,Not Specified,Display
2024-05-19,Facebook/Instagram,android_smartphone,10978.67,4919044.0,2060,8857268.89,Not Specified,Demo-Only,Social
2024-05-19,Facebook/Instagram,android_tablet,61.94,28628.0,16,8857268.89,Not Specified,Demo-Only,Social
2024-05-19,Facebook/Instagram,desktop,170.75,83386.0,40,8857268.89,Not Specified,Demo-Only,Social
2024-05-19,Facebook/Instagram,ipad,197.25,88639.0,66,8857268.89,Not Specified,Demo-Only,Social
2024-05-19,Facebook/Instagram,iphone,26275.41,11596655.0,5097,8857268.89,Not Specified,Demo-Only,Social
2024-05-19,Facebook/Instagram,ipod,4.07,1893.0,1,8857268.89,Not Specified,Demo-Only,Social
2024-05-19,Facebook/Instagram,other,19.98,8102.0,4,8857268.89,Not Specified,Demo-Only,Social
2024-05-19,Forums,Not Specified,0.0,0.0,0,8857268.89,Not Specified,Not Specified,Brandwatch
2024-05-19,Hulu,Not Specified,0.14,246214.0,52,0.0,FEP,Not Specified,Display
2024-05-19,Instagram,Not Specified,0.0,0.0,0,8857268.89,Not Specified,Not Specified,Infegy
2024-05-19,NET,Not Specified,20998.0,2.0,0,8857268.89,Not Specified,Not Specified,TV
2024-05-19,Peacock,Not Specified,0.21,251767.0,125886,0.0,FEP,Not Specified,Display
2024-05-19,Pinterest,Unknown Device Category,25625.87,9491390.0,7490,8857268.89,Not Specified,Demo & Keywords,Social
2024-05-19,Review,Not Specified,0.0,0.0,0,8857268.89,Not Specified,Not Specified,Brandwatch
2024-05-19,Roku,Not Specified,0.28,406981.0,113,0.0,FEP,Not Specified,Display
2024-05-19,SYND,Not Specified,6103.0,1.0,0,8857268.89,Not Specified,Not Specified,TV
2024-05-19,The Trade Desk,Not Specified,5.39,3169898.0,1470,0.0,Programmatic,Not Specified,Display
2024-05-19,TikTok,Unknown Device Category,30104.13,7261341.0,14805,8857268.89,Not Specified,Demo-Only,Social
2024-05-19,Tumblr,Not Specified,0.0,0.0,0,8857268.89,Not Specified,Not Specified,Brandwatch
2024-05-19,Turner,Not Specified,0.21,484418.0,81,0.0,FEP,Not Specified,Display
2024-05-19,X,Not Specified,0.0,4602.0,0,8857268.89,Not Specified,Not Specified,Brandwatch
2024-05-19,YouTube,Not Specified,0.14,230144.0,115,0.0,FEP,Not Specified,Display
2024-05-26,CBS,Not Specified,0.16,630948.0,137,0.0,FEP,Not Specified,Display
2024-05-26,Cable,Not Specified,98829.0,2.0,0,8686215.31,Not Specified,Not Specified,TV
2024-05-26,DV360,Not Specified,1.4000000000000001,3580512.0,529,0.0,Programmatic,Not Specified,Display
2024-05-26,Disney,Not Specified,0.32,474134.0,51,0.0,FEP,Not Specified,Display
2024-05-26,Facebook/Instagram,android_smartphone,11557.52,5261498.0,1566,8686215.31,Not Specified,Demo-Only,Social
2024-05-26,Facebook/Instagram,android_tablet,63.09,30223.0,16,8686215.31,Not Specified,Demo-Only,Social
2024-05-26,Facebook/Instagram,desktop,188.7,93210.0,43,8686215.31,Not Specified,Demo-Only,Social
2024-05-26,Facebook/Instagram,ipad,192.52,89348.0,62,8686215.31,Not Specified,Demo-Only,Social
2024-05-26,Facebook/Instagram,iphone,26279.06,11847411.0,4767,8686215.31,Not Specified,Demo-Only,Social
2024-05-26,Facebook/Instagram,ipod,4.2700000000000005,1943.0,1,8686215.31,Not Specified,Demo-Only,Social
2024-05-26,Facebook/Instagram,other,18.77,8661.0,5,8686215.31,Not Specified,Demo-Only,Social
2024-05-26,Forums,Not Specified,0.0,0.0,0,8686215.31,Not Specified,Not Specified,Brandwatch
2024-05-26,Hulu,Not Specified,0.14,231203.0,39,0.0,FEP,Not Specified,Display
2024-05-26,NET,Not Specified,13430.0,2.0,0,8686215.31,Not Specified,Not Specified,TV
2024-05-26,Peacock,Not Specified,0.13,102225.0,51113,0.0,FEP,Not Specified,Display
2024-05-26,Pinterest,Unknown Device Category,25522.34,8709776.0,6522,8686215.31,Not Specified,Demo & Interests,Social
2024-05-26,Roku,Not Specified,0.28,382099.0,104,0.0,FEP,Not Specified,Display
2024-05-26,SYND,Not Specified,6104.0,1.0,0,8686215.31,Not Specified,Not Specified,TV
2024-05-26,The Trade Desk,Not Specified,5.26,3757741.0,1956,0.0,Programmatic,Not Specified,Display
2024-05-26,TikTok,Unknown Device Category,30291.41,7311326.0,16389,8686215.31,Not Specified,Demo-Only,Social
2024-05-26,Turner,Not Specified,0.21,490363.0,155,0.0,FEP,Not Specified,Display
2024-05-26,X,Not Specified,0.0,13676.0,0,8686215.31,Not Specified,Not Specified,Brandwatch
2024-05-26,YouTube,Not Specified,0.14,230173.0,101,0.0,FEP,Not Specified,Display
2024-06-02,CBS,Not Specified,0.14,556381.0,120,0.0,FEP,Not Specified,Display
2024-06-02,DV360,Not Specified,1.4000000000000001,3702371.0,566,0.0,Programmatic,Not Specified,Display
2024-06-02,Disney,Not Specified,0.35000000000000003,557665.0,62,0.0,FEP,Not Specified,Display
2024-06-02,Facebook/Instagram,android_smartphone,14765.1,6349903.0,1933,8427029.25,Not Specified,Demo-Only,Social
2024-06-02,Facebook/Instagram,android_tablet,78.05,35148.0,20,8427029.25,Not Specified,Demo-Only,Social
2024-06-02,Facebook/Instagram,desktop,291.59,130273.0,70,8427029.25,Not Specified,Demo-Only,Social
2024-06-02,Facebook/Instagram,ipad,265.83,116140.0,78,8427029.25,Not Specified,Demo-Only,Social
2024-06-02,Facebook/Instagram,iphone,36561.93,15448524.0,6233,8427029.25,Not Specified,Demo-Only,Social
2024-06-02,Facebook/Instagram,ipod,5.07,2329.0,1,8427029.25,Not Specified,Demo-Only,Social
2024-06-02,Facebook/Instagram,other,27.26,11339.0,8,8427029.25,Not Specified,Demo-Only,Social
2024-06-02,Forums,Not Specified,0.0,0.0,0,8427029.25,Not Specified,Not Specified,Brandwatch
2024-06-02,Hulu,Not Specified,0.14,242834.0,27,0.0,FEP,Not Specified,Display
2024-06-02,Peacock,Not Specified,0.21,223431.0,111717,0.0,FEP,Not Specified,Display
2024-06-02,Pinterest,Unknown Device Category,22586.15,7979898.0,7168,8427029.25,Not Specified,Demo & Interests,Social
2024-06-02,Roku,Not Specified,0.28,445997.0,120,0.0,FEP,Not Specified,Display
2024-06-02,The Trade Desk,Not Specified,4.41,3787352.0,2017,0.0,Programmatic,Not Specified,Display
2024-06-02,TikTok,Unknown Device Category,46943.2,11779796.0,24795,8427029.25,Not Specified,Demo-Only,Social
2024-06-02,Turner,Not Specified,0.21,539828.0,110,0.0,FEP,Not Specified,Display
2024-06-02,X,Not Specified,0.0,17319.0,0,8427029.25,Not Specified,Not Specified,Brandwatch
2024-06-02,YouTube,Not Specified,0.14,229688.0,104,0.0,FEP,Not Specified,Display
2024-06-09,CBS,Not Specified,0.21,863979.5,113,0.0,FEP,Not Specified,Display
2024-06-09,DV360,Not Specified,1.4000000000000001,3809612.0,576,0.0,Programmatic,Not Specified,Display
2024-06-09,Disney,Not Specified,0.35000000000000003,280859.0,29,0.0,FEP,Not Specified,Display
2024-06-09,Facebook/Instagram,android_smartphone,11416.66,4792781.0,1437,8958501.91,Not Specified,Demo-Only,Social
2024-06-09,Facebook/Instagram,android_tablet,64.12,27732.0,16,8958501.91,Not Specified,Demo-Only,Social
2024-06-09,Facebook/Instagram,desktop,263.59,116626.0,57,8958501.91,Not Specified,Demo-Only,Social
2024-06-09,Facebook/Instagram,ipad,213.13,91613.0,57,8958501.91,Not Specified,Demo-Only,Social
2024-06-09,Facebook/Instagram,iphone,28074.48,11578647.0,4669,8958501.91,Not Specified,Demo-Only,Social
2024-06-09,Facebook/Instagram,ipod,3.8,1770.0,0,8958501.91,Not Specified,Demo-Only,Social
2024-06-09,Facebook/Instagram,other,19.67,7935.0,6,8958501.91,Not Specified,Demo-Only,Social
2024-06-09,Forums,Not Specified,0.0,0.0,0,8958501.91,Not Specified,Not Specified,Brandwatch
2024-06-09,Hulu,Not Specified,0.14,237721.0,35,0.0,FEP,Not Specified,Display
2024-06-09,Peacock,Not Specified,0.21,194888.0,97443,0.0,FEP,Not Specified,Display
2024-06-09,Pinterest,Unknown Device Category,21874.54,8153581.0,8239,8958501.91,Not Specified,Purchase Based Targeting,Social
2024-06-09,Roku,Not Specified,0.28,399511.0,105,0.0,FEP,Not Specified,Display
2024-06-09,The Trade Desk,Not Specified,4.41,3743599.0,1926,0.0,Programmatic,Not Specified,Display
2024-06-09,TikTok,Unknown Device Category,60654.4,15018653.0,29841,8958501.91,Not Specified,Demo-Only,Social
2024-06-09,Turner,Not Specified,0.21,489985.0,144,0.0,FEP,Not Specified,Display
2024-06-09,X,Not Specified,0.0,13074.0,0,8958501.91,Not Specified,Not Specified,Brandwatch
2024-06-09,YouTube,Not Specified,0.14,230724.0,114,0.0,FEP,Not Specified,Display
2024-06-16,CBS,Not Specified,0.03,112723.5,9,0.0,FEP,Not Specified,Display
2024-06-16,DV360,Not Specified,1.4000000000000001,3977121.0,578,0.0,Programmatic,Not Specified,Display
2024-06-16,Disney,Not Specified,0.07,20664.0,4,0.0,FEP,Not Specified,Display
2024-06-16,Facebook/Instagram,android_smartphone,4634.79,1828901.0,539,8733886.3,Not Specified,Demo-Only,Social
2024-06-16,Facebook/Instagram,android_tablet,23.45,9310.0,4,8733886.3,Not Specified,Demo-Only,Social
2024-06-16,Facebook/Instagram,desktop,72.92,30076.0,14,8733886.3,Not Specified,Demo-Only,Social
2024-06-16,Facebook/Instagram,ipad,82.18,32594.0,21,8733886.3,Not Specified,Demo-Only,Social
2024-06-16,Facebook/Instagram,iphone,10875.98,4284856.0,1654,8733886.3,Not Specified,Demo-Only,Social
2024-06-16,Facebook/Instagram,ipod,1.3,472.0,0,8733886.3,Not Specified,Demo-Only,Social
2024-06-16,Facebook/Instagram,other,9.32,3486.0,0,8733886.3,Not Specified,Demo-Only,Social
2024-06-16,Forums,Not Specified,0.0,0.0,0,8733886.3,Not Specified,Not Specified,Brandwatch
2024-06-16,Hulu,Not Specified,0.04,26746.0,3,0.0,FEP,Not Specified,Display
2024-06-16,Instagram,Not Specified,0.0,0.0,0,8733886.3,Not Specified,Not Specified,Infegy
2024-06-16,Peacock,Not Specified,0.03,20465.0,10232,0.0,FEP,Not Specified,Display
2024-06-16,Pinterest,Unknown Device Category,17248.46,5140023.0,5343,8733886.3,Not Specified,Demo & Keywords,Social
2024-06-16,Roku,Not Specified,0.04,57503.0,16,0.0,FEP,Not Specified,Display
2024-06-16,The Trade Desk,Not Specified,4.41,3683082.0,1957,0.0,Programmatic,Not Specified,Display
2024-06-16,TikTok,Unknown Device Category,8935.029999999999,2210798.0,3918,8733886.3,Not Specified,Demo-Only,Social
2024-06-16,Turner,Not Specified,0.03,51029.0,22,0.0,FEP,Not Specified,Display
2024-06-16,X,Not Specified,0.0,103796.0,0,8733886.3,Not Specified,Not Specified,Brandwatch
2024-06-16,YouTube,Not Specified,0.02,28946.0,16,0.0,FEP,Not Specified,Display
2024-06-23,DV360,Not Specified,1.4000000000000001,3952157.0,595,0.0,Programmatic,Not Specified,Display
2024-06-23,Facebook/Instagram,android_smartphone,13748.87,4851615.0,1567,8395958.04,Not Specified,Demo-Only,Social
2024-06-23,Facebook/Instagram,android_tablet,62.9,22443.0,8,8395958.04,Not Specified,Demo-Only,Social
2024-06-23,Facebook/Instagram,desktop,213.9,75097.0,29,8395958.04,Not Specified,Demo-Only,Social
2024-06-23,Facebook/Instagram,ipad,236.42,83665.0,47,8395958.04,Not Specified,Demo-Only,Social
2024-06-23,Facebook/Instagram,iphone,34894.18,12307492.0,4765,8395958.04,Not Specified,Demo-Only,Social
2024-06-23,Facebook/Instagram,ipod,2.93,967.0,2,8395958.04,Not Specified,Demo-Only,Social
2024-06-23,Facebook/Instagram,other,23.48,8502.0,4,8395958.04,Not Specified,Demo-Only,Social
2024-06-23,Forums,Not Specified,0.0,0.0,0,8395958.04,Not Specified,Not Specified,Brandwatch
2024-06-23,Pinterest,Unknown Device Category,39308.89,12990137.0,13164,8395958.04,Not Specified,Demo & Keywords,Social
2024-06-23,Review,Not Specified,0.0,0.0,0,8395958.04,Not Specified,Not Specified,Brandwatch
2024-06-23,Roku,Not Specified,0.04,7.0,12,0.0,FEP,Not Specified,Display
2024-06-23,The Trade Desk,Not Specified,4.63,3633453.0,1874,0.0,Programmatic,Not Specified,Display
2024-06-23,TikTok,Unknown Device Category,22314.32,5643346.0,8775,8395958.04,Not Specified,Demo-Only,Social
2024-06-23,X,Not Specified,0.0,37520.0,0,8395958.04,Not Specified,Not Specified,Brandwatch
2024-06-23,YouTube,Not Specified,0.02,27691.0,2,0.0,FEP,Not Specified,Display
2024-06-30,Amazon,Not Specified,0.08,72.0,0,0.0,FEP,Not Specified,Display
2024-06-30,DV360,Not Specified,1.4000000000000001,4113611.0,613,0.0,Programmatic,Not Specified,Display
2024-06-30,Facebook/Instagram,android_smartphone,14113.58,5697529.0,2020,8375325.51,Not Specified,Demo-Only,Social
2024-06-30,Facebook/Instagram,android_tablet,66.34,26248.0,18,8375325.51,Not Specified,Demo-Only,Social
2024-06-30,Facebook/Instagram,desktop,154.06,63303.0,29,8375325.51,Not Specified,Demo-Only,Social
2024-06-30,Facebook/Instagram,ipad,249.56,101149.0,69,8375325.51,Not Specified,Demo-Only,Social
2024-06-30,Facebook/Instagram,iphone,35579.21,14379024.0,6320,8375325.51,Not Specified,Demo-Only,Social
2024-06-30,Facebook/Instagram,ipod,2.75,1173.0,1,8375325.51,Not Specified,Demo-Only,Social
2024-06-30,Facebook/Instagram,other,23.91,9686.0,3,8375325.51,Not Specified,Demo-Only,Social
2024-06-30,Forums,Not Specified,0.0,0.0,0,8375325.51,Not Specified,Not Specified,Brandwatch
2024-06-30,Instagram,Not Specified,0.0,0.0,0,8375325.51,Not Specified,Not Specified,Infegy
2024-06-30,Pinterest,Unknown Device Category,38837.73,14592038.0,15084,8375325.51,Not Specified,Purchase Based Targeting,Social
2024-06-30,The Trade Desk,Not Specified,6.86,4278185.0,2454,0.0,Programmatic,Not Specified,Display
2024-06-30,TikTok,Unknown Device Category,38051.2,10930543.0,19858,8375325.51,Not Specified,Demo-Only,Social
2024-06-30,Tumblr,Not Specified,0.0,0.0,0,8375325.51,Not Specified,Not Specified,Brandwatch
2024-06-30,X,Not Specified,0.0,184225.0,0,8375325.51,Not Specified,Not Specified,Brandwatch
2024-07-07,Amazon,Not Specified,0.14,14.0,0,0.0,FEP,Not Specified,Display
2024-07-07,Cable,Not Specified,0.0,0.0,0,8296420.96,Not Specified,Not Specified,TV
2024-07-07,DV360,Not Specified,1.4000000000000001,3867092.0,614,0.0,Programmatic,Not Specified,Display
2024-07-07,Facebook/Instagram,android_smartphone,15704.02,6385014.0,2212,8296420.96,Not Specified,Demo-Only,Social
2024-07-07,Facebook/Instagram,android_tablet,73.01,29325.0,18,8296420.96,Not Specified,Demo-Only,Social
2024-07-07,Facebook/Instagram,desktop,190.23,77125.0,32,8296420.96,Not Specified,Demo-Only,Social
2024-07-07,Facebook/Instagram,ipad,297.42,120582.0,72,8296420.96,Not Specified,Demo-Only,Social
2024-07-07,Facebook/Instagram,iphone,41601.13,16840562.0,7257,8296420.96,Not Specified,Demo-Only,Social
2024-07-07,Facebook/Instagram,ipod,3.48,1373.0,0,8296420.96,Not Specified,Demo-Only,Social
2024-07-07,Facebook/Instagram,other,26.41,10750.0,5,8296420.96,Not Specified,Demo-Only,Social
2024-07-07,Forums,Not Specified,0.0,0.0,0,8296420.96,Not Specified,Not Specified,Brandwatch
2024-07-07,Home Team Sports,Not Specified,0.01,5.0,0,0.0,FEP,Not Specified,Display
2024-07-07,Instagram,Not Specified,0.0,0.0,0,8296420.96,Not Specified,Not Specified,Infegy
2024-07-07,Peacock,Not Specified,0.01,2.0,1,0.0,FEP,Not Specified,Display
2024-07-07,Pinterest,Unknown Device Category,37968.61,13755096.0,13949,8296420.96,Not Specified,Purchase Based Targeting,Social
2024-07-07,Review,Not Specified,0.0,0.0,0,8296420.96,Not Specified,Not Specified,Brandwatch
2024-07-07,The Trade Desk,Not Specified,6.54,3136124.0,2375,0.0,Programmatic,Not Specified,Display
2024-07-07,TikTok,Unknown Device Category,48184.48,13827053.0,23861,8296420.96,Not Specified,Demo-Only,Social
2024-07-07,Tumblr,Not Specified,0.0,0.0,0,8296420.96,Not Specified,Not Specified,Brandwatch
2024-07-07,X,Not Specified,0.0,2761.0,0,8296420.96,Not Specified,Not Specified,Brandwatch
2024-07-14,Amazon,Not Specified,0.14,435938.0,806,0.0,FEP,Not Specified,Display
2024-07-14,CBS,Not Specified,0.13,529640.5,101,0.0,FEP,Not Specified,Display
2024-07-14,Cable,Not Specified,120098.0,2.0,0,8785715.65,Not Specified,Not Specified,TV
2024-07-14,DV360,Not Specified,1.4000000000000001,4018591.0,642,0.0,Programmatic,Not Specified,Display
2024-07-14,Disney,Not Specified,0.24,349461.0,34,0.0,FEP,Not Specified,Display
2024-07-14,Facebook/Instagram,android_smartphone,19336.4,7397938.0,2361,8785715.65,Not Specified,Demo-Only,Social
2024-07-14,Facebook/Instagram,android_tablet,95.53,36839.0,28,8785715.65,Not Specified,Demo-Only,Social
2024-07-14,Facebook/Instagram,desktop,244.01999999999998,93641.0,48,8785715.65,Not Specified,Demo-Only,Social
2024-07-14,Facebook/Instagram,ipad,424.36,161945.0,100,8785715.65,Not Specified,Demo-Only,Social
2024-07-14,Facebook/Instagram,iphone,53637.66,20425398.0,8900,8785715.65,Not Specified,Demo-Only,Social
2024-07-14,Facebook/Instagram,ipod,4.86,1870.0,3,8785715.65,Not Specified,Demo-Only,Social
2024-07-14,Facebook/Instagram,other,35.71,13529.0,10,8785715.65,Not Specified,Demo-Only,Social
2024-07-14,Forums,Not Specified,0.0,0.0,0,8785715.65,Not Specified,Not Specified,Brandwatch
2024-07-14,Home Team Sports,Not Specified,0.12,254963.0,190,0.0,FEP,Not Specified,Display
2024-07-14,Hulu,Not Specified,0.12,364624.0,33,0.0,FEP,Not Specified,Display
2024-07-14,Instagram,Not Specified,0.0,0.0,0,8785715.65,Not Specified,Not Specified,Infegy
2024-07-14,NET,Not Specified,28396.0,2.0,0,8785715.65,Not Specified,Not Specified,TV
2024-07-14,Peacock,Not Specified,0.12,169264.0,84633,0.0,FEP,Not Specified,Display
2024-07-14,Pinterest,Unknown Device Category,19313.21,6048640.0,4735,8785715.65,Not Specified,Demo & Interests,Social
2024-07-14,Review,Not Specified,0.0,0.0,0,8785715.65,Not Specified,Not Specified,Brandwatch
2024-07-14,Roku,Not Specified,0.24,293225.0,78,0.0,FEP,Not Specified,Display
2024-07-14,SYND,Not Specified,3223.0,1.0,0,8785715.65,Not Specified,Not Specified,TV
2024-07-14,The Trade Desk,Not Specified,4.74,2405384.0,2226,0.0,Programmatic,Not Specified,Display
2024-07-14,TikTok,Unknown Device Category,47634.87,14057863.0,21855,8785715.65,Not Specified,Demo-Only,Social
2024-07-14,Tumblr,Not Specified,0.0,0.0,0,8785715.65,Not Specified,Not Specified,Brandwatch
2024-07-14,Turner,Not Specified,0.18,486826.0,89,0.0,FEP,Not Specified,Display
2024-07-14,X,Not Specified,0.0,44856.0,0,8785715.65,Not Specified,Not Specified,Brandwatch
2024-07-14,YouTube,Not Specified,0.12,201085.0,53,0.0,FEP,Not Specified,Display
2024-07-21,Amazon,Not Specified,0.14,478519.0,884,0.0,FEP,Not Specified,Display
2024-07-21,CBS,Not Specified,0.14,510420.0,42,0.0,FEP,Not Specified,Display
2024-07-21,Cable,Not Specified,112628.0,1.0,0,8937828.58,Not Specified,Not Specified,TV
2024-07-21,DV360,Not Specified,1.32,3395393.0,577,0.0,Programmatic,Not Specified,Display
2024-07-21,Disney,Not Specified,0.28,385762.0,38,0.0,FEP,Not Specified,Display
2024-07-21,Facebook/Instagram,android_smartphone,19588.9,6898548.0,1988,8937828.58,Not Specified,Demo-Only,Social
2024-07-21,Facebook/Instagram,android_tablet,98.92,34942.0,20,8937828.58,Not Specified,Demo-Only,Social
2024-07-21,Facebook/Instagram,desktop,215.46,76819.0,40,8937828.58,Not Specified,Demo-Only,Social
2024-07-21,Facebook/Instagram,ipad,427.65,150911.0,75,8937828.58,Not Specified,Demo-Only,Social
2024-07-21,Facebook/Instagram,iphone,53959.95,19012313.0,7341,8937828.58,Not Specified,Demo-Only,Social
2024-07-21,Facebook/Instagram,ipod,4.9,1680.0,3,8937828.58,Not Specified,Demo-Only,Social
2024-07-21,Facebook/Instagram,other,36.65,13014.0,3,8937828.58,Not Specified,Demo-Only,Social
2024-07-21,Forums,Not Specified,0.0,0.0,0,8937828.58,Not Specified,Not Specified,Brandwatch
2024-07-21,Home Team Sports,Not Specified,0.14,300063.0,191,0.0,FEP,Not Specified,Display
2024-07-21,Hulu,Not Specified,0.14,409997.0,32,0.0,FEP,Not Specified,Display
2024-07-21,NET,Not Specified,65107.0,2.0,0,8937828.58,Not Specified,Not Specified,TV
2024-07-21,Peacock,Not Specified,0.14,128079.0,64041,0.0,FEP,Not Specified,Display
2024-07-21,Pinterest,Unknown Device Category,27500.5,8183546.0,5703,8937828.58,Not Specified,Demo & Keywords,Social
2024-07-21,Review,Not Specified,0.0,0.0,0,8937828.58,Not Specified,Not Specified,Brandwatch
2024-07-21,Roku,Not Specified,0.28,331884.0,89,0.0,FEP,Not Specified,Display
2024-07-21,SYND,Not Specified,3223.0,1.0,0,8937828.58,Not Specified,Not Specified,TV
2024-07-21,The Trade Desk,Not Specified,4.16,2230011.0,2100,0.0,Programmatic,Not Specified,Display
2024-07-21,TikTok,Unknown Device Category,47329.77,13675003.0,22615,8937828.58,Not Specified,Demo-Only,Social
2024-07-21,Turner,Not Specified,0.21,507531.0,99,0.0,FEP,Not Specified,Display
2024-07-21,X,Not Specified,0.0,24532.0,0,8937828.58,Not Specified,Not Specified,Brandwatch
2024-07-21,YouTube,Not Specified,0.14,229956.0,73,0.0,FEP,Not Specified,Display
2024-07-28,Amazon,Not Specified,0.14,467734.0,863,0.0,FEP,Not Specified,Display
2024-07-28,CBS,Not Specified,0.16,627737.0,68,0.0,FEP,Not Specified,Display
2024-07-28,DV360,Not Specified,1.4000000000000001,6154828.0,839,0.0,Programmatic,Not Specified,Display
2024-07-28,Disney,Not Specified,0.27,369853.0,42,0.0,FEP,Not Specified,Display
2024-07-28,Facebook/Instagram,android_smartphone,19977.24,7287583.0,2129,8734735.01,Not Specified,Demo-Only,Social
2024-07-28,Facebook/Instagram,android_tablet,95.27,35066.0,21,8734735.01,Not Specified,Demo-Only,Social
2024-07-28,Facebook/Instagram,desktop,237.08,86923.0,43,8734735.01,Not Specified,Demo-Only,Social
2024-07-28,Facebook/Instagram,ipad,410.73,150414.0,77,8734735.01,Not Specified,Demo-Only,Social
2024-07-28,Facebook/Instagram,iphone,53726.7,19640472.0,8192,8734735.01,Not Specified,Demo-Only,Social
2024-07-28,Facebook/Instagram,ipod,4.2700000000000005,1601.0,0,8734735.01,Not Specified,Demo-Only,Social
2024-07-28,Facebook/Instagram,other,35.89,13110.0,10,8734735.01,Not Specified,Demo-Only,Social
2024-07-28,Forums,Not Specified,0.0,0.0,0,8734735.01,Not Specified,Not Specified,Brandwatch
2024-07-28,Home Team Sports,Not Specified,0.14,262358.0,165,0.0,FEP,Not Specified,Display
2024-07-28,Hulu,Not Specified,0.14,304865.0,19,0.0,FEP,Not Specified,Display
2024-07-28,Instagram,Not Specified,0.0,0.0,0,8734735.01,Not Specified,Not Specified,Infegy
2024-07-28,NET,Not Specified,0.0,0.0,0,8734735.01,Not Specified,Not Specified,TV
2024-07-28,Peacock,Not Specified,0.12,253274.0,126639,0.0,FEP,Not Specified,Display
2024-07-28,Pinterest,Unknown Device Category,26912.99,8191128.0,5674,8734735.01,Not Specified,Demo & Interests,Social
2024-07-28,Review,Not Specified,0.0,0.0,0,8734735.01,Not Specified,Not Specified,Brandwatch
2024-07-28,Roku,Not Specified,0.28,287446.0,74,0.0,FEP,Not Specified,Display
2024-07-28,The Trade Desk,Not Specified,4.15,2216110.0,2267,0.0,Programmatic,Not Specified,Display
2024-07-28,TikTok,Unknown Device Category,60243.39,17662522.0,30673,8734735.01,Not Specified,Demo-Only,Social
2024-07-28,Turner,Not Specified,0.21,531246.0,293,0.0,FEP,Not Specified,Display
2024-07-28,X,Not Specified,0.0,137970.0,0,8734735.01,Not Specified,Not Specified,Brandwatch
2024-07-28,YouTube,Not Specified,0.14,230244.0,72,0.0,FEP,Not Specified,Display
2024-08-04,Amazon,Not Specified,0.14,433046.0,800,0.0,FEP,Not Specified,Display
2024-08-04,CBS,Not Specified,0.14,605453.0,54,0.0,FEP,Not Specified,Display
2024-08-04,DV360,Not Specified,1.4000000000000001,8167275.0,1175,0.0,Programmatic,Not Specified,Display
2024-08-04,Disney,Not Specified,0.28,441222.0,40,0.0,FEP,Not Specified,Display
2024-08-04,Facebook/Instagram,android_smartphone,19422.21,7259021.0,2229,9108913.65,Not Specified,Demo-Only,Social
2024-08-04,Facebook/Instagram,android_tablet,93.06,34950.0,21,9108913.65,Not Specified,Demo-Only,Social
2024-08-04,Facebook/Instagram,desktop,224.24,83850.0,45,9108913.65,Not Specified,Demo-Only,Social
2024-08-04,Facebook/Instagram,ipad,416.21999999999997,154927.0,102,9108913.65,Not Specified,Demo-Only,Social
2024-08-04,Facebook/Instagram,iphone,53840.49,20062881.0,9039,9108913.65,Not Specified,Demo-Only,Social
2024-08-04,Facebook/Instagram,ipod,4.87,1700.0,1,9108913.65,Not Specified,Demo-Only,Social
2024-08-04,Facebook/Instagram,other,34.32,12945.0,7,9108913.65,Not Specified,Demo-Only,Social
2024-08-04,Forums,Not Specified,0.0,0.0,0,9108913.65,Not Specified,Not Specified,Brandwatch
2024-08-04,Home Team Sports,Not Specified,0.14,251906.0,157,0.0,FEP,Not Specified,Display
2024-08-04,Hulu,Not Specified,0.14,254513.0,28,0.0,FEP,Not Specified,Display
2024-08-04,Peacock,Not Specified,0.12,268239.0,134120,0.0,FEP,Not Specified,Display
2024-08-04,Pinterest,Unknown Device Category,26872.75,8248920.0,5543,9108913.65,Not Specified,Demo & Interests,Social
2024-08-04,Roku,Not Specified,0.28,414001.0,112,0.0,FEP,Not Specified,Display
2024-08-04,The Trade Desk,Not Specified,4.13,2688108.0,3087,0.0,Programmatic,Not Specified,Display
2024-08-04,TikTok,Unknown Device Category,72495.24,20682371.0,37920,9108913.65,Not Specified,Demo-Only,Social
2024-08-04,Tumblr,Not Specified,0.0,0.0,0,9108913.65,Not Specified,Not Specified,Brandwatch
2024-08-04,Turner,Not Specified,0.21,547474.0,105,0.0,FEP,Not Specified,Display
2024-08-04,X,Not Specified,0.0,28092.0,0,9108913.65,Not Specified,Not Specified,Brandwatch
2024-08-04,YouTube,Not Specified,0.14,229960.0,59,0.0,FEP,Not Specified,Display
2024-08-11,Amazon,Not Specified,0.14,422121.0,779,0.0,FEP,Not Specified,Display
2024-08-11,CBS,Not Specified,0.14,584067.0,66,0.0,FEP,Not Specified,Display
2024-08-11,Cable,Not Specified,125945.0,2.0,0,9395828.13,Not Specified,Not Specified,TV
2024-08-11,DV360,Not Specified,1.4000000000000001,5946472.0,894,0.0,Programmatic,Not Specified,Display
2024-08-11,Disney,Not Specified,0.28,399595.0,40,0.0,FEP,Not Specified,Display
2024-08-11,Facebook/Instagram,android_smartphone,24834.7,9104374.0,3118,9395828.13,Not Specified,Demo-Only,Social
2024-08-11,Facebook/Instagram,android_tablet,115.42,43443.0,30,9395828.13,Not Specified,Demo-Only,Social
2024-08-11,Facebook/Instagram,desktop,200.64000000000001,72356.0,33,9395828.13,Not Specified,Demo-Only,Social
2024-08-11,Facebook/Instagram,ipad,466.84000000000003,171732.0,117,9395828.13,Not Specified,Demo-Only,Social
2024-08-11,Facebook/Instagram,iphone,61715.49,22594630.0,10598,9395828.13,Not Specified,Demo-Only,Social
2024-08-11,Facebook/Instagram,ipod,5.25,1822.0,1,9395828.13,Not Specified,Demo-Only,Social
2024-08-11,Facebook/Instagram,other,43.1,15885.0,10,9395828.13,Not Specified,Demo-Only,Social
2024-08-11,Forums,Not Specified,0.0,0.0,0,9395828.13,Not Specified,Not Specified,Brandwatch
2024-08-11,Home Team Sports,Not Specified,0.14,263990.0,158,0.0,FEP,Not Specified,Display
2024-08-11,Hulu,Not Specified,0.14,235765.0,20,0.0,FEP,Not Specified,Display
2024-08-11,NET,Not Specified,24256.0,2.0,0,9395828.13,Not Specified,Not Specified,TV
2024-08-11,Peacock,Not Specified,0.17,152641.0,76323,0.0,FEP,Not Specified,Display
2024-08-11,Pinterest,Unknown Device Category,21073.41,6193941.0,4117,9395828.13,Not Specified,Purchase Based Targeting,Social
2024-08-11,Roku,Not Specified,0.28,352274.0,93,0.0,FEP,Not Specified,Display
2024-08-11,SYND,Not Specified,6225.0,1.0,0,9395828.13,Not Specified,Not Specified,TV
2024-08-11,The Trade Desk,Not Specified,4.13,2567675.0,2682,0.0,Programmatic,Not Specified,Display
2024-08-11,TikTok,Unknown Device Category,89621.11,25942657.0,41887,9395828.13,Not Specified,Demo-Only,Social
2024-08-11,Turner,Not Specified,0.21,540380.0,102,0.0,FEP,Not Specified,Display
2024-08-11,X,Not Specified,0.0,17754.0,0,9395828.13,Not Specified,Not Specified,Brandwatch
2024-08-11,YouTube,Not Specified,0.14,230124.0,63,0.0,FEP,Not Specified,Display
2024-08-18,Amazon,Not Specified,0.14,370611.0,684,0.0,FEP,Not Specified,Display
2024-08-18,CBS,Not Specified,0.14,561831.0,92,0.0,FEP,Not Specified,Display
2024-08-18,Cable,Not Specified,113125.0,1.0,0,9336048.45,Not Specified,Not Specified,TV
2024-08-18,DV360,Not Specified,1.44,5624662.0,792,0.0,Programmatic,Not Specified,Display
2024-08-18,Disney,Not Specified,0.28,397755.0,37,0.0,FEP,Not Specified,Display
2024-08-18,Facebook/Instagram,android_smartphone,27961.62,9946784.0,3031,9336048.45,Not Specified,Demo-Only,Social
2024-08-18,Facebook/Instagram,android_tablet,125.17999999999999,45235.0,30,9336048.45,Not Specified,Demo-Only,Social
2024-08-18,Facebook/Instagram,desktop,258.9,92821.0,41,9336048.45,Not Specified,Demo-Only,Social
2024-08-18,Facebook/Instagram,ipad,486.29,173183.0,111,9336048.45,Not Specified,Demo-Only,Social
2024-08-18,Facebook/Instagram,iphone,66565.83,23679826.0,11114,9336048.45,Not Specified,Demo-Only,Social
2024-08-18,Facebook/Instagram,ipod,5.08,1801.0,2,9336048.45,Not Specified,Demo-Only,Social
2024-08-18,Facebook/Instagram,other,45.92,16017.0,4,9336048.45,Not Specified,Demo-Only,Social
2024-08-18,Forums,Not Specified,0.0,0.0,0,9336048.45,Not Specified,Not Specified,Brandwatch
2024-08-18,Home Team Sports,Not Specified,0.14,243073.0,130,0.0,FEP,Not Specified,Display
2024-08-18,Hulu,Not Specified,0.14,234521.0,18,0.0,FEP,Not Specified,Display
2024-08-18,Instagram,Not Specified,0.0,0.0,0,9336048.45,Not Specified,Not Specified,Infegy
2024-08-18,NET,Not Specified,3698.0,1.0,0,9336048.45,Not Specified,Not Specified,TV
2024-08-18,Peacock,Not Specified,0.21,147002.0,73502,0.0,FEP,Not Specified,Display
2024-08-18,Pinterest,Unknown Device Category,28854.32,8289484.0,5258,9336048.45,Not Specified,Demo & Interests,Social
2024-08-18,Roku,Not Specified,0.28,286494.0,78,0.0,FEP,Not Specified,Display
2024-08-18,SYND,Not Specified,6224.0,1.0,0,9336048.45,Not Specified,Not Specified,TV
2024-08-18,The Trade Desk,Not Specified,4.53,2505202.0,2485,0.0,Programmatic,Not Specified,Display
2024-08-18,TikTok,Unknown Device Category,109122.59,31950268.0,51765,9336048.45,Not Specified,Demo-Only,Social
2024-08-18,Turner,Not Specified,0.21,481401.0,94,0.0,FEP,Not Specified,Display
2024-08-18,X,Not Specified,0.0,29998.0,0,9336048.45,Not Specified,Not Specified,Brandwatch
2024-08-18,YouTube,Not Specified,0.14,230081.0,64,0.0,FEP,Not Specified,Display
2024-08-25,Amazon,Not Specified,0.14,313548.0,579,0.0,FEP,Not Specified,Display
2024-08-25,CBS,Not Specified,0.15,546266.5,93,0.0,FEP,Not Specified,Display
2024-08-25,DV360,Not Specified,3.0,11865476.0,1782,0.0,Programmatic,Not Specified,Display
2024-08-25,Disney,Not Specified,0.28,378749.0,37,0.0,FEP,Not Specified,Display
2024-08-25,Facebook/Instagram,android_smartphone,33909.9,11633563.0,3343,9110142.8,Not Specified,Demo-Only,Social
2024-08-25,Facebook/Instagram,android_tablet,146.51,50806.0,24,9110142.8,Not Specified,Demo-Only,Social
2024-08-25,Facebook/Instagram,desktop,319.89,110022.0,46,9110142.8,Not Specified,Demo-Only,Social
2024-08-25,Facebook/Instagram,ipad,606.48,208430.0,165,9110142.8,Not Specified,Demo-Only,Social
2024-08-25,Facebook/Instagram,iphone,83775.41,28712029.0,13638,9110142.8,Not Specified,Demo-Only,Social
2024-08-25,Facebook/Instagram,ipod,5.7,2105.0,0,9110142.8,Not Specified,Demo-Only,Social
2024-08-25,Facebook/Instagram,other,52.79,17735.0,11,9110142.8,Not Specified,Demo-Only,Social
2024-08-25,Forums,Not Specified,0.0,0.0,0,9110142.8,Not Specified,Not Specified,Brandwatch
2024-08-25,Home Team Sports,Not Specified,0.14,197913.0,108,0.0,FEP,Not Specified,Display
2024-08-25,Hulu,Not Specified,0.14,200533.0,17,0.0,FEP,Not Specified,Display
2024-08-25,Instagram,Not Specified,0.0,0.0,0,9110142.8,Not Specified,Not Specified,Infegy
2024-08-25,NET,Not Specified,0.0,0.0,0,9110142.8,Not Specified,Not Specified,TV
2024-08-25,Peacock,Not Specified,0.21,123222.0,61612,0.0,FEP,Not Specified,Display
2024-08-25,Pinterest,Unknown Device Category,30288.89,8422826.0,5169,9110142.8,Not Specified,Purchase Based Targeting,Social
2024-08-25,Roku,Not Specified,0.28,147686.0,38,0.0,FEP,Not Specified,Display
2024-08-25,The Trade Desk,Not Specified,7.03,5801553.0,5645,0.0,Programmatic,Not Specified,Display
2024-08-25,TikTok,Unknown Device Category,106917.32,31593166.0,49777,9110142.8,Not Specified,Demo-Only,Social
2024-08-25,Tumblr,Not Specified,0.0,0.0,0,9110142.8,Not Specified,Not Specified,Brandwatch
2024-08-25,Turner,Not Specified,0.21,468670.0,321,0.0,FEP,Not Specified,Display
2024-08-25,X,Not Specified,0.0,7516.0,0,9110142.8,Not Specified,Not Specified,Brandwatch
2024-08-25,YouTube,Not Specified,0.14,229971.0,58,0.0,FEP,Not Specified,Display
2024-09-01,Amazon,Not Specified,0.14,295684.0,547,0.0,FEP,Not Specified,Display
2024-09-01,CBS,Not Specified,0.15,969748.5,99,0.0,FEP,Not Specified,Display
2024-09-01,DV360,Not Specified,3.64,12697095.0,1958,0.0,Programmatic,Not Specified,Display
2024-09-01,Disney,Not Specified,0.28,413832.0,33,0.0,FEP,Not Specified,Display
2024-09-01,Facebook/Instagram,android_smartphone,43819.18,14910486.0,4233,8819734.43,Not Specified,Demo-Only,Social
2024-09-01,Facebook/Instagram,android_tablet,186.98,63244.0,42,8819734.43,Not Specified,Demo-Only,Social
2024-09-01,Facebook/Instagram,desktop,471.79,160316.0,74,8819734.43,Not Specified,Demo-Only,Social
2024-09-01,Facebook/Instagram,ipad,812.37,277492.0,186,8819734.43,Not Specified,Demo-Only,Social
2024-09-01,Facebook/Instagram,iphone,111615.77,37947075.0,19204,8819734.43,Not Specified,Demo-Only,Social
2024-09-01,Facebook/Instagram,ipod,7.4,2680.0,0,8819734.43,Not Specified,Demo-Only,Social
2024-09-01,Facebook/Instagram,other,63.43,22092.0,11,8819734.43,Not Specified,Demo-Only,Social
2024-09-01,Forums,Not Specified,0.0,0.0,0,8819734.43,Not Specified,Not Specified,Brandwatch
2024-09-01,Home Team Sports,Not Specified,0.14,201633.0,137,0.0,FEP,Not Specified,Display
2024-09-01,Hulu,Not Specified,0.14,251530.0,28,0.0,FEP,Not Specified,Display
2024-09-01,Instagram,Not Specified,0.0,0.0,0,8819734.43,Not Specified,Not Specified,Infegy
2024-09-01,NET,Not Specified,0.0,0.0,0,8819734.43,Not Specified,Not Specified,TV
2024-09-01,Peacock,Not Specified,0.21,319393.0,159697,0.0,FEP,Not Specified,Display
2024-09-01,Pinterest,Unknown Device Category,29841.260000000002,9081915.0,5625,8819734.43,Not Specified,Demo & Keywords,Social
2024-09-01,Roku,Not Specified,0.28,395497.0,109,0.0,FEP,Not Specified,Display
2024-09-01,The Trade Desk,Not Specified,8.4,6341063.0,5562,0.0,Programmatic,Not Specified,Display
2024-09-01,TikTok,Unknown Device Category,102161.72,32175242.0,47902,8819734.43,Not Specified,Demo-Only,Social
2024-09-01,Turner,Not Specified,0.21,567240.0,69,0.0,FEP,Not Specified,Display
2024-09-01,X,Not Specified,0.0,2334.0,0,8819734.43,Not Specified,Not Specified,Brandwatch
2024-09-01,YouTube,Not Specified,0.14,230200.0,57,0.0,FEP,Not Specified,Display
2024-09-08,Amazon,Not Specified,0.14,276862.0,510,0.0,FEP,Not Specified,Display
2024-09-08,CBS,Not Specified,0.14,869999.0,74,0.0,FEP,Not Specified,Display
2024-09-08,DV360,Not Specified,3.64,12696070.0,1744,0.0,Programmatic,Not Specified,Display
2024-09-08,Disney,Not Specified,0.28,391578.0,26,0.0,FEP,Not Specified,Display
2024-09-08,Facebook/Instagram,android_smartphone,20190.88,6455450.0,1558,9011592.47,Not Specified,Demo-Only,Social
2024-09-08,Facebook/Instagram,android_tablet,102.59,31426.0,17,9011592.47,Not Specified,Demo-Only,Social
2024-09-08,Facebook/Instagram,desktop,243.86,65177.0,29,9011592.47,Not Specified,Demo-Only,Social
2024-09-08,Facebook/Instagram,ipad,435.53,129182.0,90,9011592.47,Not Specified,Demo-Only,Social
2024-09-08,Facebook/Instagram,iphone,48059.22,15441373.0,7314,9011592.47,Not Specified,Demo-Only,Social
2024-09-08,Facebook/Instagram,ipod,4.97,1457.0,0,9011592.47,Not Specified,Demo-Only,Social
2024-09-08,Facebook/Instagram,other,32.42,10919.0,4,9011592.47,Not Specified,Demo-Only,Social
2024-09-08,Forums,Not Specified,0.0,0.0,0,9011592.47,Not Specified,Not Specified,Brandwatch
2024-09-08,Home Team Sports,Not Specified,0.14,294022.0,75,0.0,FEP,Not Specified,Display
2024-09-08,Hulu,Not Specified,0.14,244188.0,23,0.0,FEP,Not Specified,Display
2024-09-08,Instagram,Not Specified,0.0,0.0,0,9011592.47,Not Specified,Not Specified,Infegy
2024-09-08,Peacock,Not Specified,0.17,216143.0,108072,0.0,FEP,Not Specified,Display
2024-09-08,Pinterest,Unknown Device Category,18179.38,5651678.0,4624,9011592.47,Not Specified,Demo & Interests,Social
2024-09-08,Review,Not Specified,0.0,0.0,0,9011592.47,Not Specified,Not Specified,Brandwatch
2024-09-08,Roku,Not Specified,0.28,384105.0,104,0.0,FEP,Not Specified,Display
2024-09-08,The Trade Desk,Not Specified,10.09,5858865.0,4952,0.0,Programmatic,Not Specified,Display
2024-09-08,TikTok,Unknown Device Category,13160.77,4365033.0,6463,9011592.47,Not Specified,Demo-Only,Social
2024-09-08,Turner,Not Specified,0.21,560755.0,88,0.0,FEP,Not Specified,Display
2024-09-08,X,Not Specified,0.0,73756.0,0,9011592.47,Not Specified,Not Specified,Brandwatch
2024-09-08,YouTube,Not Specified,0.14,230207.0,55,0.0,FEP,Not Specified,Display
2024-09-15,Amazon,Not Specified,0.14,235392.0,435,0.0,FEP,Not Specified,Display
2024-09-15,CBS,Not Specified,0.15,892319.5,109,0.0,FEP,Not Specified,Display
2024-09-15,DV360,Not Specified,3.64,10913123.0,1599,0.0,Programmatic,Not Specified,Display
2024-09-15,Disney,Not Specified,0.28,428814.0,60,0.0,FEP,Not Specified,Display
2024-09-15,Facebook/Instagram,android_smartphone,37228.55,9681628.0,2815,9037906.44,Not Specified,Demo-Only,Social
2024-09-15,Facebook/Instagram,android_tablet,187.97,46597.0,33,9037906.44,Not Specified,Demo-Only,Social
2024-09-15,Facebook/Instagram,desktop,843.67,149065.0,74,9037906.44,Not Specified,Demo-Only,Social
2024-09-15,Facebook/Instagram,ipad,990.13,224994.0,145,9037906.44,Not Specified,Demo-Only,Social
2024-09-15,Facebook/Instagram,iphone,97940.97,26082722.0,13651,9037906.44,Not Specified,Demo-Only,Social
2024-09-15,Facebook/Instagram,ipod,9.37,2255.0,2,9037906.44,Not Specified,Demo-Only,Social
2024-09-15,Facebook/Instagram,other,54.78,16697.0,10,9037906.44,Not Specified,Demo-Only,Social
2024-09-15,Forums,Not Specified,0.0,0.0,0,9037906.44,Not Specified,Not Specified,Brandwatch
2024-09-15,Home Team Sports,Not Specified,0.14,148231.0,37,0.0,FEP,Not Specified,Display
2024-09-15,Hulu,Not Specified,0.14,280114.0,35,0.0,FEP,Not Specified,Display
2024-09-15,Instagram,Not Specified,0.0,0.0,0,9037906.44,Not Specified,Not Specified,Infegy
2024-09-15,Peacock,Not Specified,0.17,142070.0,71034,0.0,FEP,Not Specified,Display
2024-09-15,Pinterest,Unknown Device Category,28872.81,9120925.0,7551,9037906.44,Not Specified,Demo & Interests,Social
2024-09-15,Roku,Not Specified,0.28,291024.0,80,0.0,FEP,Not Specified,Display
2024-09-15,The Trade Desk,Not Specified,10.09,5139290.0,4797,0.0,Programmatic,Not Specified,Display
2024-09-15,TikTok,Unknown Device Category,28841.579999999998,8052279.0,10852,9037906.44,Not Specified,Demo-Only,Social
2024-09-15,Turner,Not Specified,0.21,491909.0,98,0.0,FEP,Not Specified,Display
2024-09-15,X,Not Specified,0.0,7974.0,0,9037906.44,Not Specified,Not Specified,Brandwatch
2024-09-15,YouTube,Not Specified,0.14,230243.0,46,0.0,FEP,Not Specified,Display
2024-09-22,Amazon,Not Specified,0.14,189247.0,350,0.0,FEP,Not Specified,Display
2024-09-22,CBS,Not Specified,0.14,751381.0,187,0.0,FEP,Not Specified,Display
2024-09-22,DV360,Not Specified,3.68,8013633.0,1400,0.0,Programmatic,Not Specified,Display
2024-09-22,Disney,Not Specified,0.29,329038.0,27,0.0,FEP,Not Specified,Display
2024-09-22,Facebook/Instagram,android_smartphone,37190.94,11810638.0,2612,8950715.69,Not Specified,Demo-Only,Social
2024-09-22,Facebook/Instagram,android_tablet,193.35,61517.0,32,8950715.69,Not Specified,Demo-Only,Social
2024-09-22,Facebook/Instagram,desktop,550.93,162806.0,70,8950715.69,Not Specified,Demo-Only,Social
2024-09-22,Facebook/Instagram,ipad,853.57,263188.0,172,8950715.69,Not Specified,Demo-Only,Social
2024-09-22,Facebook/Instagram,iphone,98242.46,30964116.0,13462,8950715.69,Not Specified,Demo-Only,Social
2024-09-22,Facebook/Instagram,ipod,11.65,3630.0,1,8950715.69,Not Specified,Demo-Only,Social
2024-09-22,Facebook/Instagram,other,50.26,16606.0,6,8950715.69,Not Specified,Demo-Only,Social
2024-09-22,Forums,Not Specified,0.0,0.0,0,8950715.69,Not Specified,Not Specified,Brandwatch
2024-09-22,Home Team Sports,Not Specified,0.16,91058.0,37,0.0,FEP,Not Specified,Display
2024-09-22,Hulu,Not Specified,0.13,1161002.5,176,0.0,FEP,Not Specified,Display
2024-09-22,NBCU,Not Specified,0.02,7.0,2,0.0,FEP,Not Specified,Display
2024-09-22,Peacock,Not Specified,0.21,457454.0,228728,0.0,FEP,Not Specified,Display
2024-09-22,Pinterest,Unknown Device Category,28308.18,8385704.0,7023,8950715.69,Not Specified,Demo & Interests,Social
2024-09-22,Roku,Not Specified,0.28,186799.0,50,0.0,FEP,Not Specified,Display
2024-09-22,The Trade Desk,Not Specified,9.68,3987080.0,3614,0.0,Programmatic,Not Specified,Display
2024-09-22,TikTok,Unknown Device Category,67736.23,19379106.0,28116,8950715.69,Not Specified,Demo-Only,Social
2024-09-22,Turner,Not Specified,0.21,496501.0,150,0.0,FEP,Not Specified,Display
2024-09-22,X,Not Specified,0.0,73679.0,0,8950715.69,Not Specified,Not Specified,Brandwatch
2024-09-22,YouTube,Not Specified,0.14,229923.0,54,0.0,FEP,Not Specified,Display
2024-09-29,Amazon,Not Specified,0.04,15734.0,29,0.0,FEP,Not Specified,Display
2024-09-29,CBS,Not Specified,0.03,157026.5,58,0.0,FEP,Not Specified,Display
2024-09-29,DV360,Not Specified,3.64,8593735.0,1394,0.0,Programmatic,Not Specified,Display
2024-09-29,Disney,Not Specified,0.3,1372798.0,118,0.0,FEP,Not Specified,Display
2024-09-29,Facebook/Instagram,android_smartphone,36603.48,12261643.0,2826,8994318.9,Not Specified,Demo-Only,Social
2024-09-29,Facebook/Instagram,android_tablet,194.93,64693.0,44,8994318.9,Not Specified,Demo-Only,Social
2024-09-29,Facebook/Instagram,desktop,592.05,192197.0,94,8994318.9,Not Specified,Demo-Only,Social
2024-09-29,Facebook/Instagram,ipad,883.59,293033.0,171,8994318.9,Not Specified,Demo-Only,Social
2024-09-29,Facebook/Instagram,iphone,98073.21,33156372.0,15371,8994318.9,Not Specified,Demo-Only,Social
2024-09-29,Facebook/Instagram,ipod,11.4,3859.0,1,8994318.9,Not Specified,Demo-Only,Social
2024-09-29,Facebook/Instagram,other,51.63,17813.0,5,8994318.9,Not Specified,Demo-Only,Social
2024-09-29,Forums,Not Specified,0.0,0.0,0,8994318.9,Not Specified,Not Specified,Brandwatch
2024-09-29,Home Team Sports,Not Specified,0.1,145371.0,121,0.0,FEP,Not Specified,Display
2024-09-29,Hulu,Not Specified,0.13,1845565.5,206,0.0,FEP,Not Specified,Display
2024-09-29,NBCU,Not Specified,0.12,505912.0,202,0.0,FEP,Not Specified,Display
2024-09-29,Peacock,Not Specified,0.02,8553.0,4276,0.0,FEP,Not Specified,Display
2024-09-29,Pinterest,Unknown Device Category,28360.74,10204544.0,8381,8994318.9,Not Specified,Demo & Interests,Social
2024-09-29,Review,Not Specified,0.0,0.0,0,8994318.9,Not Specified,Not Specified,Brandwatch
2024-09-29,Roku,Not Specified,0.04,4247.0,1,0.0,FEP,Not Specified,Display
2024-09-29,The Trade Desk,Not Specified,9.67,4218322.0,3841,0.0,Programmatic,Not Specified,Display
2024-09-29,TikTok,Unknown Device Category,67716.55,22605449.0,31124,8994318.9,Not Specified,Demo-Only,Social
2024-09-29,Turner,Not Specified,0.03,34208.0,12,0.0,FEP,Not Specified,Display
2024-09-29,X,Not Specified,0.0,170348.0,0,8994318.9,Not Specified,Not Specified,Brandwatch
2024-09-29,YouTube,Not Specified,0.03,42873.5,20,0.0,FEP,Not Specified,Display
2024-10-06,DV360,Not Specified,3.64,8662047.0,1393,0.0,Programmatic,Not Specified,Display
2024-10-06,Disney,Not Specified,0.34,490119.0,52,0.0,FEP,Not Specified,Display
2024-10-06,Facebook/Instagram,android_smartphone,29153.23,10188605.0,2189,9883030.99,Not Specified,Demo-Only,Social
2024-10-06,Facebook/Instagram,android_tablet,154.14,53177.0,29,9883030.99,Not Specified,Demo-Only,Social
2024-10-06,Facebook/Instagram,desktop,424.37,143301.0,68,9883030.99,Not Specified,Demo-Only,Social
2024-10-06,Facebook/Instagram,ipad,692.47,239614.0,135,9883030.99,Not Specified,Demo-Only,Social
2024-10-06,Facebook/Instagram,iphone,76720.78,26887813.0,11691,9883030.99,Not Specified,Demo-Only,Social
2024-10-06,Facebook/Instagram,ipod,8.86,3131.0,0,9883030.99,Not Specified,Demo-Only,Social
2024-10-06,Facebook/Instagram,other,41.86,14607.0,7,9883030.99,Not Specified,Demo-Only,Social
2024-10-06,Forums,Not Specified,0.0,0.0,0,9883030.99,Not Specified,Not Specified,Brandwatch
2024-10-06,Home Team Sports,Not Specified,0.18,489769.0,259,0.0,FEP,Not Specified,Display
2024-10-06,Hulu,Not Specified,0.14,1308229.0,90,0.0,FEP,Not Specified,Display
2024-10-06,NBCU,Not Specified,0.21,831010.0,251,0.0,FEP,Not Specified,Display
2024-10-06,Pinterest,Unknown Device Category,24725.74,8446889.0,7122,9883030.99,Not Specified,Demo & Interests,Social
2024-10-06,The Trade Desk,Not Specified,9.56,4264571.0,3621,0.0,Programmatic,Not Specified,Display
2024-10-06,TikTok,Unknown Device Category,54574.89,18692897.0,25477,9883030.99,Not Specified,Demo-Only,Social
2024-10-06,X,Not Specified,0.0,3938.0,0,9883030.99,Not Specified,Not Specified,Brandwatch
2024-10-13,DV360,Not Specified,3.64,8836207.0,1395,0.0,Programmatic,Not Specified,Display
2024-10-13,Disney,Not Specified,0.41000000000000003,821977.0,106,0.0,FEP,Not Specified,Display
2024-10-13,Facebook/Instagram,android_smartphone,36196.340000000004,11818751.0,2750,9087049.97,Not Specified,Demo-Only,Social
2024-10-13,Facebook/Instagram,android_tablet,193.18,62796.0,35,9087049.97,Not Specified,Demo-Only,Social
2024-10-13,Facebook/Instagram,desktop,667.85,206892.0,88,9087049.97,Not Specified,Demo-Only,Social
2024-10-13,Facebook/Instagram,ipad,921.49,299064.0,166,9087049.97,Not Specified,Demo-Only,Social
2024-10-13,Facebook/Instagram,iphone,99812.39,32864855.0,15914,9087049.97,Not Specified,Demo-Only,Social
2024-10-13,Facebook/Instagram,ipod,11.68,3740.0,0,9087049.97,Not Specified,Demo-Only,Social
2024-10-13,Facebook/Instagram,other,51.87,17272.0,4,9087049.97,Not Specified,Demo-Only,Social
2024-10-13,Forums,Not Specified,0.0,0.0,0,9087049.97,Not Specified,Not Specified,Brandwatch
2024-10-13,Home Team Sports,Not Specified,0.21,521786.0,278,0.0,FEP,Not Specified,Display
2024-10-13,Hulu,Not Specified,0.14,1310226.0,135,0.0,FEP,Not Specified,Display
2024-10-13,Instagram,Not Specified,0.0,0.0,0,9087049.97,Not Specified,Not Specified,Infegy
2024-10-13,NBCU,Not Specified,0.21,803742.0,244,0.0,FEP,Not Specified,Display
2024-10-13,Pinterest,Unknown Device Category,29091.45,10693980.0,8923,9087049.97,Not Specified,Demo & Keywords,Social
2024-10-13,The Trade Desk,Not Specified,9.51,4363318.0,3771,0.0,Programmatic,Not Specified,Display
2024-10-13,TikTok,Unknown Device Category,67952.51,23398223.0,32889,9087049.97,Not Specified,Demo-Only,Social
2024-10-13,X,Not Specified,0.0,17731.0,0,9087049.97,Not Specified,Not Specified,Brandwatch
2024-10-20,DV360,Not Specified,3.64,9122718.0,1404,0.0,Programmatic,Not Specified,Display
2024-10-20,Disney,Not Specified,0.42,694569.0,78,0.0,FEP,Not Specified,Display
2024-10-20,Facebook/Instagram,android_smartphone,37465.08,11759879.0,2754,8796892.58,Not Specified,Demo-Only,Social
2024-10-20,Facebook/Instagram,android_tablet,200.98,62333.0,42,8796892.58,Not Specified,Demo-Only,Social
2024-10-20,Facebook/Instagram,desktop,908.43,272596.0,128,8796892.58,Not Specified,Demo-Only,Social
2024-10-20,Facebook/Instagram,ipad,915.26,286687.0,176,8796892.58,Not Specified,Demo-Only,Social
2024-10-20,Facebook/Instagram,iphone,98050.5,30976701.0,16465,8796892.58,Not Specified,Demo-Only,Social
2024-10-20,Facebook/Instagram,ipod,12.06,3590.0,1,8796892.58,Not Specified,Demo-Only,Social
2024-10-20,Facebook/Instagram,other,53.12,16935.0,6,8796892.58,Not Specified,Demo-Only,Social
2024-10-20,Forums,Not Specified,0.0,0.0,0,8796892.58,Not Specified,Not Specified,Brandwatch
2024-10-20,Home Team Sports,Not Specified,0.21,582193.0,189,0.0,FEP,Not Specified,Display
2024-10-20,Hulu,Not Specified,0.14,1272012.0,76,0.0,FEP,Not Specified,Display
2024-10-20,Instagram,Not Specified,0.0,0.0,0,8796892.58,Not Specified,Not Specified,Infegy
2024-10-20,NBCU,Not Specified,0.21,855359.0,258,0.0,FEP,Not Specified,Display
2024-10-20,Pinterest,Unknown Device Category,54766.0,16926286.0,14757,8796892.58,Not Specified,Demo & Interests,Social
2024-10-20,The Trade Desk,Not Specified,9.620000000000001,4479003.0,3872,0.0,Programmatic,Not Specified,Display
2024-10-20,TikTok,Unknown Device Category,66584.01,21769046.0,30021,8796892.58,Not Specified,Demo-Only,Social
2024-10-20,X,Not Specified,0.0,36405.0,0,8796892.58,Not Specified,Not Specified,Brandwatch
2024-10-27,DV360,Not Specified,3.64,9156850.0,1481,0.0,Programmatic,Not Specified,Display
2024-10-27,Disney,Not Specified,0.42,545776.0,60,0.0,FEP,Not Specified,Display
2024-10-27,Facebook/Instagram,android_smartphone,38407.66,12450462.0,2986,8582212.08,Not Specified,Demo-Only,Social
2024-10-27,Facebook/Instagram,android_tablet,196.66,63496.0,42,8582212.08,Not Specified,Demo-Only,Social
2024-10-27,Facebook/Instagram,desktop,775.17,240434.0,109,8582212.08,Not Specified,Demo-Only,Social
2024-10-27,Facebook/Instagram,ipad,905.05,290569.0,195,8582212.08,Not Specified,Demo-Only,Social
2024-10-27,Facebook/Instagram,iphone,100139.06,32662884.0,19914,8582212.08,Not Specified,Demo-Only,Social
2024-10-27,Facebook/Instagram,ipod,11.67,3601.0,2,8582212.08,Not Specified,Demo-Only,Social
2024-10-27,Facebook/Instagram,other,50.67,16864.0,6,8582212.08,Not Specified,Demo-Only,Social
2024-10-27,Forums,Not Specified,0.0,0.0,0,8582212.08,Not Specified,Not Specified,Brandwatch
2024-10-27,Home Team Sports,Not Specified,0.21,626819.0,203,0.0,FEP,Not Specified,Display
2024-10-27,Hulu,Not Specified,0.14,1258782.0,88,0.0,FEP,Not Specified,Display
2024-10-27,Instagram,Not Specified,0.0,0.0,0,8582212.08,Not Specified,Not Specified,Infegy
2024-10-27,NBCU,Not Specified,0.21,763681.0,195,0.0,FEP,Not Specified,Display
2024-10-27,Pinterest,Unknown Device Category,58876.46,18650202.0,16435,8582212.08,Not Specified,Demo & Keywords,Social
2024-10-27,Review,Not Specified,0.0,0.0,0,8582212.08,Not Specified,Not Specified,Brandwatch
2024-10-27,The Trade Desk,Not Specified,9.92,4258345.0,4127,0.0,Programmatic,Not Specified,Display
2024-10-27,TikTok,Unknown Device Category,66297.32,22504343.0,30969,8582212.08,Not Specified,Demo-Only,Social
2024-10-27,X,Not Specified,0.0,42288.0,0,8582212.08,Not Specified,Not Specified,Brandwatch
2024-11-03,DV360,Not Specified,3.64,9709487.0,1515,0.0,Programmatic,Not Specified,Display
2024-11-03,Disney,Not Specified,0.08,85292.0,9,0.0,FEP,Not Specified,Display
2024-11-03,Facebook/Instagram,android_smartphone,21559.25,8171106.0,1850,8675634.39,Not Specified,Demo-Only,Social
2024-11-03,Facebook/Instagram,android_tablet,115.35,43173.0,28,8675634.39,Not Specified,Demo-Only,Social
2024-11-03,Facebook/Instagram,desktop,283.87,103062.0,53,8675634.39,Not Specified,Demo-Only,Social
2024-11-03,Facebook/Instagram,ipad,484.21999999999997,180502.0,107,8675634.39,Not Specified,Demo-Only,Social
2024-11-03,Facebook/Instagram,iphone,53411.76,20167270.0,11305,8675634.39,Not Specified,Demo-Only,Social
2024-11-03,Facebook/Instagram,ipod,5.64,2363.0,0,8675634.39,Not Specified,Demo-Only,Social
2024-11-03,Facebook/Instagram,other,31.07,11900.0,5,8675634.39,Not Specified,Demo-Only,Social
2024-11-03,Forums,Not Specified,0.0,0.0,0,8675634.39,Not Specified,Not Specified,Brandwatch
2024-11-03,Home Team Sports,Not Specified,0.05,39523.0,12,0.0,FEP,Not Specified,Display
2024-11-03,Hulu,Not Specified,0.04,100932.0,7,0.0,FEP,Not Specified,Display
2024-11-03,Instagram,Not Specified,0.0,0.0,0,8675634.39,Not Specified,Not Specified,Infegy
2024-11-03,NBCU,Not Specified,0.03,101442.0,19,0.0,FEP,Not Specified,Display
2024-11-03,Pinterest,Unknown Device Category,8401.1,2764833.0,2558,8675634.39,Not Specified,Keyword,Social
2024-11-03,The Trade Desk,Not Specified,10.15,4241049.0,3943,0.0,Programmatic,Not Specified,Display
2024-11-03,TikTok,Unknown Device Category,35797.38,12961486.0,17743,8675634.39,Not Specified,Demo-Only,Social
2024-11-03,X,Not Specified,0.0,6976.0,0,8675634.39,Not Specified,Not Specified,Brandwatch
2024-11-10,DV360,Not Specified,3.64,9823767.0,1518,0.0,Programmatic,Not Specified,Display
2024-11-10,Facebook/Instagram,android_smartphone,40669.15,12567053.0,3235,9172132.53,Not Specified,Demo-Only,Social
2024-11-10,Facebook/Instagram,android_tablet,219.93,66662.0,58,9172132.53,Not Specified,Demo-Only,Social
2024-11-10,Facebook/Instagram,desktop,859.28,242185.0,109,9172132.53,Not Specified,Demo-Only,Social
2024-11-10,Facebook/Instagram,ipad,979.79,300140.0,225,9172132.53,Not Specified,Demo-Only,Social
2024-11-10,Facebook/Instagram,iphone,107969.89,33597770.0,20297,9172132.53,Not Specified,Demo-Only,Social
2024-11-10,Facebook/Instagram,ipod,11.5,3659.0,0,9172132.53,Not Specified,Demo-Only,Social
2024-11-10,Facebook/Instagram,other,56.04,17938.0,16,9172132.53,Not Specified,Demo-Only,Social
2024-11-10,Forums,Not Specified,0.0,0.0,0,9172132.53,Not Specified,Not Specified,Brandwatch
2024-11-10,Instagram,Not Specified,0.0,0.0,0,9172132.53,Not Specified,Not Specified,Infegy
2024-11-10,Pinterest,Unknown Device Category,459.47,145101.0,121,9172132.53,Not Specified,Demo & Interests,Social
2024-11-10,The Trade Desk,Not Specified,10.15,4123003.0,3790,0.0,Programmatic,Not Specified,Display
2024-11-10,TikTok,Unknown Device Category,70489.08,25824055.0,32890,9172132.53,Not Specified,Demo-Only,Social
2024-11-10,X,Not Specified,0.0,67431.0,0,9172132.53,Not Specified,Not Specified,Brandwatch
2024-11-17,DV360,Not Specified,3.64,10349295.0,1621,0.0,Programmatic,Not Specified,Display
2024-11-17,Facebook/Instagram,android_smartphone,42460.47,12077488.0,2940,8896196.84,Not Specified,Demo-Only,Social
2024-11-17,Facebook/Instagram,android_tablet,225.43,64409.0,41,8896196.84,Not Specified,Demo-Only,Social
2024-11-17,Facebook/Instagram,desktop,862.12,231373.0,110,8896196.84,Not Specified,Demo-Only,Social
2024-11-17,Facebook/Instagram,ipad,1004.53,285849.0,212,8896196.84,Not Specified,Demo-Only,Social
2024-11-17,Facebook/Instagram,iphone,111200.45,31828401.0,19137,8896196.84,Not Specified,Demo-Only,Social
2024-11-17,Facebook/Instagram,ipod,13.07,3565.0,2,8896196.84,Not Specified,Demo-Only,Social
2024-11-17,Facebook/Instagram,other,61.46,17341.0,9,8896196.84,Not Specified,Demo-Only,Social
2024-11-17,Forums,Not Specified,0.0,0.0,0,8896196.84,Not Specified,Not Specified,Brandwatch
2024-11-17,Instagram,Not Specified,0.0,0.0,0,8896196.84,Not Specified,Not Specified,Infegy
2024-11-17,Pinterest,Unknown Device Category,501.24,158292.0,132,8896196.84,Not Specified,Demo & Interests,Social
2024-11-17,The Trade Desk,Not Specified,9.97,4614660.0,4177,0.0,Programmatic,Not Specified,Display
2024-11-17,TikTok,Unknown Device Category,70161.87,24973147.0,29327,8896196.84,Not Specified,Demo-Only,Social
2024-11-17,Tumblr,Not Specified,0.0,0.0,0,8896196.84,Not Specified,Not Specified,Brandwatch
2024-11-17,X,Not Specified,0.0,35740.0,0,8896196.84,Not Specified,Not Specified,Brandwatch
2024-11-21,DV360,Not Specified,3.64,10248739.0,1668,0.0,Programmatic,Not Specified,Display
2024-11-21,The Trade Desk,Not Specified,10.33,4920433.0,4430,0.0,Programmatic,Not Specified,Display
2024-11-24,Facebook/Instagram,android_smartphone,43410.82,11263997.0,2781,8677577.53,Not Specified,Demo-Only,Social
2024-11-24,Facebook/Instagram,android_tablet,241.08,62508.0,44,8677577.53,Not Specified,Demo-Only,Social
2024-11-24,Facebook/Instagram,desktop,802.22,198855.0,92,8677577.53,Not Specified,Demo-Only,Social
2024-11-24,Facebook/Instagram,ipad,1014.89,263653.0,169,8677577.53,Not Specified,Demo-Only,Social
2024-11-24,Facebook/Instagram,iphone,108662.71,28437234.0,16709,8677577.53,Not Specified,Demo-Only,Social
2024-11-24,Facebook/Instagram,ipod,12.1,3414.0,2,8677577.53,Not Specified,Demo-Only,Social
2024-11-24,Facebook/Instagram,other,63.74,17044.0,8,8677577.53,Not Specified,Demo-Only,Social
2024-11-24,Forums,Not Specified,0.0,0.0,0,8677577.53,Not Specified,Not Specified,Brandwatch
2024-11-24,Instagram,Not Specified,0.0,0.0,0,8677577.53,Not Specified,Not Specified,Infegy
2024-11-24,Pinterest,Unknown Device Category,501.24,158292.0,132,8677577.53,Not Specified,Demo & Interests,Social
2024-11-24,Review,Not Specified,0.0,0.0,0,8677577.53,Not Specified,Not Specified,Brandwatch
2024-11-24,TikTok,Unknown Device Category,69221.99,21992536.0,25124,8677577.53,Not Specified,Demo-Only,Social
2024-11-24,X,Not Specified,0.0,24378.0,0,8677577.53,Not Specified,Not Specified,Brandwatch
2024-12-01,DV360,Not Specified,3.64,10493862.0,1642,0.0,Programmatic,Not Specified,Display
2024-12-01,Facebook/Instagram,android_smartphone,44000.25,11982852.0,2964,7007247.79,Not Specified,Demo-Only,Social
2024-12-01,Facebook/Instagram,android_tablet,232.56,63452.0,42,7007247.79,Not Specified,Demo-Only,Social
2024-12-01,Facebook/Instagram,desktop,894.39,240140.0,108,7007247.79,Not Specified,Demo-Only,Social
2024-12-01,Facebook/Instagram,ipad,994.08,269986.0,193,7007247.79,Not Specified,Demo-Only,Social
2024-12-01,Facebook/Instagram,iphone,108855.35,29781582.0,17718,7007247.79,Not Specified,Demo-Only,Social
2024-12-01,Facebook/Instagram,ipod,12.6,3378.0,1,7007247.79,Not Specified,Demo-Only,Social
2024-12-01,Facebook/Instagram,other,63.04,17106.0,5,7007247.79,Not Specified,Demo-Only,Social
2024-12-01,Forums,Not Specified,0.0,0.0,0,7007247.79,Not Specified,Not Specified,Brandwatch
2024-12-01,Pinterest,Unknown Device Category,626.5500000000001,197865.0,165,7007247.79,Not Specified,Interest,Social
2024-12-01,The Trade Desk,Not Specified,8.67,3720857.0,3212,0.0,Programmatic,Not Specified,Display
2024-12-01,TikTok,Unknown Device Category,68667.08,23990443.0,28137,7007247.79,Not Specified,Demo-Only,Social
2024-12-01,X,Not Specified,0.0,5587.0,0,7007247.79,Not Specified,Not Specified,Brandwatch
2024-12-08,DV360,Not Specified,3.64,10768324.0,1707,0.0,Programmatic,Not Specified,Display
2024-12-08,Facebook/Instagram,android_smartphone,39487.65,11454452.0,2938,8385328.59,Not Specified,Demo-Only,Social
2024-12-08,Facebook/Instagram,android_tablet,207.37,60291.0,35,8385328.59,Not Specified,Demo-Only,Social
2024-12-08,Facebook/Instagram,desktop,831.29,233962.0,103,8385328.59,Not Specified,Demo-Only,Social
2024-12-08,Facebook/Instagram,ipad,910.71,261339.0,189,8385328.59,Not Specified,Demo-Only,Social
2024-12-08,Facebook/Instagram,iphone,98645.16,28723254.0,17938,8385328.59,Not Specified,Demo-Only,Social
2024-12-08,Facebook/Instagram,ipod,11.290000000000001,3220.0,1,8385328.59,Not Specified,Demo-Only,Social
2024-12-08,Facebook/Instagram,other,52.27,15475.0,5,8385328.59,Not Specified,Demo-Only,Social
2024-12-08,Forums,Not Specified,0.0,0.0,0,8385328.59,Not Specified,Not Specified,Brandwatch
2024-12-08,Instagram,Not Specified,0.0,0.0,0,8385328.59,Not Specified,Not Specified,Infegy
2024-12-08,Pinterest,Unknown Device Category,710.09,224247.0,187,8385328.59,Not Specified,Demo & Keywords,Social
2024-12-08,The Trade Desk,Not Specified,8.28,3483481.0,2992,0.0,Programmatic,Not Specified,Display
2024-12-08,TikTok,Unknown Device Category,64694.44,23263042.0,27228,8385328.59,Not Specified,Demo-Only,Social
2024-12-08,X,Not Specified,0.0,2785.0,0,8385328.59,Not Specified,Not Specified,Brandwatch
2024-12-15,DV360,Not Specified,3.2600000000000002,10559097.5,1719,8446257.21,Programmatic,Not Specified,Display
2024-12-15,Facebook/Instagram,android_smartphone,35930.590000000004,10765437.0,2717,8446257.21,Not Specified,Demo-Only,Social
2024-12-15,Facebook/Instagram,android_tablet,190.93,56865.0,36,8446257.21,Not Specified,Demo-Only,Social
2024-12-15,Facebook/Instagram,desktop,772.13,224416.0,109,8446257.21,Not Specified,Demo-Only,Social
2024-12-15,Facebook/Instagram,ipad,784.53,234623.0,178,8446257.21,Not Specified,Demo-Only,Social
2024-12-15,Facebook/Instagram,iphone,86497.02,25962465.0,15529,8446257.21,Not Specified,Demo-Only,Social
2024-12-15,Facebook/Instagram,ipod,9.69,3088.0,2,8446257.21,Not Specified,Demo-Only,Social
2024-12-15,Facebook/Instagram,other,45.31,14324.0,9,8446257.21,Not Specified,Demo-Only,Social
2024-12-15,Instagram,Not Specified,0.0,0.0,0,8446257.21,Not Specified,Not Specified,Infegy
2024-12-15,Pinterest,Unknown Device Category,584.7800000000001,184674.0,154,8446257.21,Not Specified,Demo & Keywords,Social
2024-12-15,The Trade Desk,Not Specified,7.7,3236932.0,2840,8446257.21,Programmatic,Not Specified,Display
2024-12-15,TikTok,Unknown Device Category,69474.16,23312767.0,28572,8446257.21,Not Specified,Demo-Only,Social
2024-12-15,X,Not Specified,0.0,15234.0,0,8446257.21,Not Specified,Not Specified,Brandwatch
2024-12-22,DV360,Not Specified,4.0200000000000005,13426544.5,2115,8210337.6,Programmatic,Not Specified,Display
2024-12-22,Facebook/Instagram,android_smartphone,50153.94,17004269.0,4032,8210337.6,Not Specified,Demo-Only,Social
2024-12-22,Facebook/Instagram,android_tablet,232.78,77842.0,48,8210337.6,Not Specified,Demo-Only,Social
2024-12-22,Facebook/Instagram,desktop,748.04,247226.0,108,8210337.6,Not Specified,Demo-Only,Social
2024-12-22,Facebook/Instagram,ipad,1090.55,364717.0,265,8210337.6,Not Specified,Demo-Only,Social
2024-12-22,Facebook/Instagram,iphone,125553.8,42618416.0,25912,8210337.6,Not Specified,Demo-Only,Social
2024-12-22,Facebook/Instagram,ipod,11.57,3809.0,1,8210337.6,Not Specified,Demo-Only,Social
2024-12-22,Facebook/Instagram,other,61.44,21410.0,8,8210337.6,Not Specified,Demo-Only,Social
2024-12-22,Forums,Not Specified,0.0,0.0,0,8210337.6,Not Specified,Not Specified,Brandwatch
2024-12-22,Instagram,Not Specified,0.0,0.0,0,8210337.6,Not Specified,Not Specified,Infegy
2024-12-22,Pinterest,Unknown Device Category,334.16,105528.0,88,8210337.6,Not Specified,Demo & Interests,Social
2024-12-22,The Trade Desk,Not Specified,9.13,3770707.0,3594,8210337.6,Programmatic,Not Specified,Display
2024-12-22,TikTok,Unknown Device Category,69923.15,26127505.0,33036,8210337.6,Not Specified,Demo-Only,Social
2024-12-22,X,Not Specified,0.0,434426.0,0,8210337.6,Not Specified,Not Specified,Brandwatch
2024-12-29,DV360,Not Specified,0.68,2360233.0,337,6861954.95,Programmatic,Not Specified,Display
2024-12-29,Facebook/Instagram,android_smartphone,6456.43,2428899.0,555,6861954.95,Not Specified,Demo-Only,Social
2024-12-29,Facebook/Instagram,android_tablet,32.64,12293.0,8,6861954.95,Not Specified,Demo-Only,Social
2024-12-29,Facebook/Instagram,desktop,89.42999999999999,32685.0,18,6861954.95,Not Specified,Demo-Only,Social
2024-12-29,Facebook/Instagram,ipad,136.98,52122.0,32,6861954.95,Not Specified,Demo-Only,Social
2024-12-29,Facebook/Instagram,iphone,15878.17,5936399.0,3461,6861954.95,Not Specified,Demo-Only,Social
2024-12-29,Facebook/Instagram,ipod,1.52,515.0,0,6861954.95,Not Specified,Demo-Only,Social
2024-12-29,Facebook/Instagram,other,9.49,3468.0,6,6861954.95,Not Specified,Demo-Only,Social
2024-12-29,Instagram,Not Specified,0.0,0.0,0,6861954.95,Not Specified,Not Specified,Infegy
2024-12-29,Pinterest,Unknown Device Category,250.62,79146.0,66,6861954.95,Not Specified,Demo & Interests,Social
2024-12-29,The Trade Desk,Not Specified,1.23,282075.0,350,6861954.95,Programmatic,Not Specified,Display
2024-12-29,TikTok,Unknown Device Category,9327.44,3761562.0,5221,6861954.95,Not Specified,Demo-Only,Social
2024-12-29,X,Not Specified,0.0,15821.0,0,6861954.95,Not Specified,Not Specified,Brandwatch
2025-01-05,Forums,Not Specified,0.0,0.0,0,8918305.88,Not Specified,Not Specified,Brandwatch
2025-01-05,Instagram,Not Specified,0.0,0.0,0,8918305.88,Not Specified,Not Specified,Infegy
2025-01-05,Review,Not Specified,0.0,0.0,0,8918305.88,Not Specified,Not Specified,Brandwatch
2025-01-05,X,Not Specified,0.0,513187.5,0,8918305.88,Not Specified,Not Specified,Brandwatch
2025-01-12,Forums,Not Specified,0.0,0.0,0,8994594.5,Not Specified,Not Specified,Brandwatch
2025-01-12,Instagram,Not Specified,0.0,0.0,0,8994594.5,Not Specified,Not Specified,Infegy
2025-01-12,X,Not Specified,0.0,1737.0,0,8994594.5,Not Specified,Not Specified,Brandwatch
2025-01-19,Forums,Not Specified,0.0,0.0,0,8624158.96,Not Specified,Not Specified,Brandwatch
2025-01-19,Instagram,Not Specified,0.0,0.0,0,8624158.96,Not Specified,Not Specified,Infegy
2025-01-19,X,Not Specified,0.0,446204.0,0,8624158.96,Not Specified,Not Specified,Brandwatch
2025-01-26,Forums,Not Specified,0.0,0.0,0,8104491.06,Not Specified,Not Specified,Brandwatch
2025-01-26,Instagram,Not Specified,0.0,0.0,0,8104491.06,Not Specified,Not Specified,Infegy
2025-01-26,Review,Not Specified,0.0,0.0,0,8104491.06,Not Specified,Not Specified,Brandwatch
2025-01-26,X,Not Specified,0.0,22983.0,0,8104491.06,Not Specified,Not Specified,Brandwatch
2025-02-02,Forums,Not Specified,0.0,0.0,0,8113824.0,Not Specified,Not Specified,Brandwatch
2025-02-02,Instagram,Not Specified,0.0,0.0,0,8113824.0,Not Specified,Not Specified,Infegy
2025-02-02,Tumblr,Not Specified,0.0,0.0,0,8113824.0,Not Specified,Not Specified,Brandwatch
2025-02-02,X,Not Specified,0.0,31407.0,0,8113824.0,Not Specified,Not Specified,Brandwatch
2025-02-09,Forums,Not Specified,0.0,0.0,0,8409703.06,Not Specified,Not Specified,Brandwatch
2025-02-09,Instagram,Not Specified,0.0,0.0,0,8409703.06,Not Specified,Not Specified,Infegy
2025-02-09,X,Not Specified,0.0,77040.0,0,8409703.06,Not Specified,Not Specified,Brandwatch
2025-02-16,Forums,Not Specified,0.0,0.0,0,7980922.05,Not Specified,Not Specified,Brandwatch
2025-02-16,Instagram,Not Specified,0.0,0.0,0,7980922.05,Not Specified,Not Specified,Infegy
2025-02-16,X,Not Specified,0.0,513685.0,0,7980922.05,Not Specified,Not Specified,Brandwatch
2025-02-23,Instagram,Not Specified,0.0,0.0,0,8103404.68,Not Specified,Not Specified,Infegy
2025-02-23,Tumblr,Not Specified,0.0,0.0,0,8103404.68,Not Specified,Not Specified,Brandwatch
2025-02-23,X,Not Specified,0.0,9647.0,0,8103404.68,Not Specified,Not Specified,Brandwatch
2025-03-02,Forums,Not Specified,0.0,0.0,0,0.0,Not Specified,Not Specified,Brandwatch
2025-03-02,Instagram,Not Specified,0.0,0.0,0,0.0,Not Specified,Not Specified,Infegy
2025-03-02,X,Not Specified,0.0,9838.0,0,0.0,Not Specified,Not Specified,Brandwatch
2025-03-09,Forums,Not Specified,0.0,0.0,0,0.0,Not Specified,Not Specified,Brandwatch
2025-03-09,X,Not Specified,0.0,22209.0,0,0.0,Not Specified,Not Specified,Brandwatch
2025-03-16,Tumblr,Not Specified,0.0,0.0,0,0.0,Not Specified,Not Specified,Brandwatch
2025-03-16,X,Not Specified,0.0,10219.0,0,0.0,Not Specified,Not Specified,Brandwatch
2025-03-23,Forums,Not Specified,0.0,0.0,0,0.0,Not Specified,Not Specified,Brandwatch
2025-03-23,X,Not Specified,0.0,199117.0,0,0.0,Not Specified,Not Specified,Brandwatch
2025-03-30,Forums,Not Specified,0.0,0.0,0,0.0,Not Specified,Not Specified,Brandwatch
2025-03-30,Tumblr,Not Specified,0.0,0.0,0,0.0,Not Specified,Not Specified,Brandwatch
2025-03-30,X,Not Specified,0.0,13227.0,0,0.0,Not Specified,Not Specified,Brandwatch
2025-04-06,Forums,Not Specified,0.0,0.0,0,0.0,Not Specified,Not Specified,Brandwatch
2025-04-06,X,Not Specified,0.0,118185.0,0,0.0,Not Specified,Not Specified,Brandwatch
2025-04-13,X,Not Specified,0.0,28698.0,0,0.0,Not Specified,Not Specified,Brandwatch
2025-04-20,Forums,Not Specified,0.0,0.0,0,0.0,Not Specified,Not Specified,Brandwatch
2025-04-20,X,Not Specified,0.0,14410.0,0,0.0,Not Specified,Not Specified,Brandwatch
